0.06666666666666667,Agree with Alan you are an extremest idiot.   You are not American, we native americans are, you are an alien
0.3333333333333333,To engage in an intelligent debate with you is like debating to a retarded person.  It is, it has useless.  It looks like you are bent on disregarding the efforts of the government.
0.4,You really think shes speaking spanish? You are a fool are not you?
0.26666666666666666,Hey race baiter take a hike you are a typical idiot
0.3333333333333333,Maybe next time you say it, you will, you shall write  You are a moron .    You are a cretin.
0.3333333333333333,you are a closet, flaming homo
0.4666666666666667,Wow you attack others and show your ignorance. You get exactly what you deserve. You are one those typle scum bag employees who do not pull their wait and hide behind the union. You make me sick.
0.26666666666666666,Hug a tree FAAAAAAGGGGGGGGGGGGGG!!!!   Folks like you make REAL Men look like, well, Real Men....you are a little sissy girly man who is, right now, twirling in his pretty little tu tu, sending kisses to all the other little fairies out there....Man Up you little p*ssy!  Just sayin' queer!
0.2,ha ha ha!  Back in your dirty Russian hole, comrade troll!
0.2,Take your pills. The Voices are obviously taking control again.
0.13333333333333333,Oh, you are such an idiot.....you just confirmed that you cannot read...dumb@rse!
0.26666666666666666,isalill are you fucking Norwegian cow face? Fuck norway bitch. Moo moo.
0.4,STFU you cunt. Not everyone wants to receive IWs cock in their bum hole like you do.
0.26666666666666666,You are all a bunch of wankers for not going, i had, i would give my left nut to go to this show. Do not tell me it costs too much or some other show is on the night before or, worst of all, it is, it has not interesting enough. If you are not going to one of these shows you are not into metal and you are a gay piece of shit. Fuck you!  Death to all tour   please come to Australia!!!
0.4,I am sure she looks better than the sloppy out of shape bitch you call your girl.
0.0,You are dumb.
0.4666666666666667,Your a moron. Go snuggle yourself in potted meat.
0.4666666666666667,Do not try thinking for your betters, idiot.  You have more than enough trouble thinking for yourself.
0.26666666666666666,Because the are pri  cks like you.
0.4666666666666667,You are intentionally ignorant Dragon.
0.2,then get off the internet moron...it is, it has a choice  still
0.26666666666666666,First of all idiot if someone whipped my @$$ they would not be alive today nore will I go on a reality show and talk about it...if Memphi  did k Michelle so wrong than why is she still talking about it...if someone hurt me I would not even mention their name because that is, that has how upset ill be with them.....judging by your repost to my comment I take it that you are a bitter ex girlfriend who probably got your head popped off by your ex boyfriend....stupid moron h@ting on.Toya's and Memphi  like that....go join k Michelle on the jealous train....tutu!!!!
0.2,Keep talking shit anonymously, coward. It is, it has what you are good at.
0.4,you are a mental midget you cannot be  a traitor if you are not a citi en.
0.13333333333333333,flushres: Thanks caveman! I appreciate your Neanderthal mentality. You are welcome and good night...
0.26666666666666666,Tell the veterans who did serve and prefer Romney to  go fuck themselves , why do not you? Oh wait, leftists  have been doing that for 40 years already.
0.06666666666666667,Bigger than the Chicago Tribune and the Boston Globe?  Are you HIGH????   I have never even SEEN the daily caller, but I have bought the Tribune and read the Globe.  What else you got?  And by the way, your blog is not legitimate.  It is, it has a fucking blog.  A website.  I do not think that truly qualifies, no offense Raw.  But even YOU guys do not really count and you know it.  IF they do not want to give them a press pass there really is not much that they can do to force the White House's hand.  If they give them a pass it is, it has because they do not feel threatened and WANT him to keep up the bullshit to SHOW the country just what these people's true colors are.  Obama and pals ARE NOT playing the race card and never have, no matter how many times the right wing assholes keep repeating that bullshit.  But these people keep painting themselves into a corner of backwards assed white power racist uncivili ed and uninspiring troglodytes.
0.26666666666666666,In your world of delusion of course.
0.4,And Gibbo Still plays WOW by the sound of it, take your mothers tittie out of your mouth and grab a hanky to wipe the shit dribbling down your chin.
0.13333333333333333,I think Dirty Harry said it best. You are nothing but dog shit to me. Alot of things can happen to dog shit. It can be stepped on or dry up and blow away into the wind. So Russell, just beware of where the dog shits you.
0.2,These terrorist hiding behind masks are no more than the new Na is. I would tell all good Americans should review the film  Inglorious Bastards . And for you pussy's hiding behind your masks, I am Cossack, they make a good target. You should also know that your masks have labled you the enemy. Your age and gender no longer matters. That goes for your females and kids. Dumb Bastards
0.06666666666666667,Us whites do not like coloured people.
0.2,Nice ass! Gotta let me go deep inside u doggy style!  Ima stick u so hard wit my 12 inch that you gonna be bleeding for a week out dat pussy n say you on your period
0.2,On the real shut the fuck up, because you do not even know all the details yet you claim to use logic. How the fuck you gonna use logic, when you do not even know the details. Tell me  what city dudes mom father died in? Oh you cannot, because you do not know.  As for your  mistaken  supernatural events why do not you share some since you seem to make mistakes using your judgement occasionally.
0.26666666666666666,Satriani? Vai? Adam Jones? Petrucci? Wylde? Buckethead? Hey Rolling Stone how about you guys stop trying to involve yourselves in leftest politics and weak trendy fashion and get back to what you are suppose to do, MUSIC. Another fine example of your piss poor rag of a maga ine coming up with another irrelevant list of dribble. The guy from Radiohead? Kurt Cobain? Thurston Moore? The Police Guy? Joni Mitchell? Are you guys retarded or just this lame? What type of criteria do you guys use for this shit? Does holding a guitar once in my life qualify me for your top 100? Morons.
0.3333333333333333,He just likes to suck on men. He is a faggot.  Basically a worthless no use human
0.4666666666666667,Stupid fool, maybe you should read the article before posting
0.2,You are an idiot.  You give real conservatives a bad name.  Of course, YOU'D give a saint a bad name.  You are an example of the people we can do without.
0.13333333333333333,I know, horrid man, not taking a bundle of something fishy from Karchner. Are you actually as daft as you sound or are you putting it on ?
0.4,You are the most depressingly buttf  ked piece of shite ever to vomit their halfassed moronic excuses for the English language on this site.  You think you are being clever, but your grasp of colloquialisms and sarcasm are hilariously pathetic. You are a fool. Your posts are puerile and you personally have no value.  Nobody here likes you. H ll, nobody here even  tolerates you . If these people could recogni e you on the street they would spit on you.   Now do us all a huge favor and  go fuckyourself with a chainsaw .  Slowly and painfully.
0.13333333333333333,You are a loser.  Always whining about the ownership.  It is not society's fault you still live in your momma's basement and you are overweight.
0.4666666666666667,is this the first aakar patel article you read? there is a clear pro pakistan anti india angle and bias in all of his writing ever, and if you cannot notice that you are a dumb brainless IQ less idiot. if you do not know about it, then you are an unaware uneducated loudmouth who needs to collect some facts first.  tyroinfin ie ... italian scum
0.06666666666666667,Malia, go take an intelligence test so you can see, in black and white, how room temp you are. Then get rid of the dog. Now if for any reason you cannot do these two things then start spelling your name the right way.. I D I O T.
0.06666666666666667,I am a little fed up with you also. I usually just ignore your childish petulant posts.  You don 19t add much to the discussion any more.
0.2,we let you in ? Who is, who has we? YOU did not let anyone in. You are a nobody, you have no say, remember? Nobody that is actually responsible or has a say on who comes and goes shares you are views. That is, that has why  we  are here. You are a loser. Do not ever forget or let someone tell you otherwise. End of discussion.
0.4666666666666667,look, douchey,  how about i holster my cock in your mouth  hmmmmm?  like i said,  FOX NEWS is number one for a reason.. deal with it  and im sure the closer we get to november more and more people will see how much this dickwad in chief has been fucking up this great country.  Nothing I  say is going to sink in your thick bubble head.  If its not comming from the left, then your libtard brain says its lies... so you are helpless
0.3333333333333333,@imjustsaying....: you got that right afro american negro & we do not have respect for negro's who is still a  PU CEE  to the clans from the south, so they make up an excuse to destroy one another & cannot face the klans to get revenge.
0.4,Look who is, who has calling the kettle black!  Egyptian soldiers have killed some.  Shaken down many others, Sinai Arabs have raped women, shaken them down, and even held some for ransom.  And you dare to impugn Israel?  You hypocritical bastard!
0.4666666666666667,obj fuck u.......
0.06666666666666667,YOu are one very SICK peron.  YOU are psychotic and that is a professional diagnoses by ME.  If you continue to your sick post I will have to report YOU and you will be commited to a psyhicatric hospital.
0.4,Gays make most peoples skin crawl.  You are all fuckkled up.
0.2,BYTCH, you sound STUPID as F*CK!!! First off, if those were MY GOT DAMN kids  NOTE: I don\\'t have any kids,but if I DID,  I\\'d be calling my girlfriend up and letting her know that my kids would be referring to her as  MOMMY SHANNON  from now on, and if the BYTCH didn\\'t like it, TOO MOTHAF*CKIN BAD.... If her talentless a$$ didn\\'t have to pay for D!CK, she wouldn\\'t be having all these f*ckin issues in the FIRST PLACE, but apparently, her same sex game must be awfully WACK, because I\\'ve noticed that she never keeps any man she\\'s ever been with interested in her for more than a few years...Then she either gets DUMPED or CHEATED ON, and truth be told, SHANNON De LIMA is 100 times finer than J LO is.....and this whore thinks she can stand up and walk on stage and act as if her pussy just gleamin like the damn day she was born.  Aint no man gonna touch that stanky fish ass sandwich no way!
0.4,Are you stupid?
0.26666666666666666,Thanks cowboy. You can get back to your bashing now because thats about all your good at on this board.
0.4,He is, he has an idiot !
0.2,mmmm....you better learn to live with us!  We will be the majority, white trash. Or you can go back to your foggy land of the retard royality.
0.2,QUE POCA MOTHER DE MILENIO NOTICIAS, SON UN FRAUDE JUNTO CON PE A NIETO, LA VERDAD QUE USTEDES UNDEN A EL P IS, TODO POR EL PUTO DINERO DE MIERDA, QUE BAJO HAS CAIDO MILENIO....FUCK YOU
0.13333333333333333,Let me see maybe it was a deep cut and his doctor told him not to fight.Normal Person28 I told you before that the doctor was against it,and you still ask the same STUPID Question .Please just learn how to read it helps
0.3333333333333333,You know, of course, that you are just another  mac douche , right?
0.3333333333333333,screw you. you have no idea what you are talking about
0.4,This guy is just bitching for the sake of bitching. You know how I know? I used to be the same way when I was a miserable piece of shit. I can spot it from a mile away. If I gave a shit what my favorite bands wore, then I would not have any favorite bands. Green Day has outlasted any punk rock band in history as far as reinventing and maintaining huge success.
0.3333333333333333,parker had more points, assists, rebounds then westbrook despite taking less shots. How did Westbrook do a terrific job on parker? lol                    Thunder fans are not very bright
0.26666666666666666,Because too many idiots sue to make money.
0.26666666666666666,\ \ do not forget the wh0re that is your mother, and the c um depository that is your wife
0.4,Seriously dude, fuck you. I am catching up on the episodes I missed and now you have ruined the next one for me. Think before posting on the review of the PREVIOUS EPISODE next time. Asshole
0.4666666666666667,start your congressional white caucus and stop crying like a beeeeoch about it.
0.3333333333333333,dumbing down gop, dumbing down gop, dumbing down gop. You have been repeating this every three minutes for hours now. Do you think repeating it over and over for hours on end makes you seem smart?Makes me think someone dumbed you down, but good.
0.2,You are so ignorant but allowed to come out and share it with us.
0.4,Dont you have a cross burning to go to?
0.4,it is, it has spelled basement you idiot
0.2,Then go away Nobody here wants to hear your bull crap.  You are like the flu. Just when you think you are over the worst here you come with your lib talking points that make no sense and just show how d u m b you are.
0.4,I know. I come here to tell you that you are a...piece of...shit.
0.4666666666666667,fact: never text a person ever. it will just confirm that you are a big time piece of shit and nobody wants anything to do with you.
0.3333333333333333,you seem to be one of those turd minions I see when I have been playing Diablo
0.13333333333333333,jimbo here think Americans are a bunch of suckers, to follow for the same deception twice in a row.  what a joker
0.2,what do you mean... he copies every fukicg comment i make idiot!!!!!
0.4666666666666667,@alex22, lol what the hell are you on about? you clueless moron!   Seeing most  comments, I dont know whether you lot are being deliberately stupid or its just your ugly nature...
0.13333333333333333,Sir you are an idiot you clearly do not anything about corporate law either in the US or here. No chairman can fire a director that has been elected by the share holders. Only share holders can dismiss directors.    As regard News Corp you idiot   Murdoch only holds 20% of the stock. So it would not be to hard for the share holders to vote him off moron.  Do you actually have an MBA or degree in economics   if not stop making stupid posts.
0.3333333333333333,Um...in short...you are an idiot. Period.
0.13333333333333333,Ha ha fuck u Wenger, fuck u Gooners.
0.4,Ya I am just a moron troll                   Do not sell yourself short, you are an idiot as well.
0.4666666666666667,Your life must really suck wpgguy, walk your fat ass into oncoming traffic already ....wpg traffic lol
0.26666666666666666,At least I pay taxes. Regrettably to keep bludgers like you.  My game Ford? I am a rich prick, made my dough by hard work. You should try it sometime.
0.26666666666666666,some of you morons and your comments are breath takingly stupid. you blame everything on bush no matter how many years ago it was, as if you are all some economic free lance experts.  please, keep posting your silly comments, it is, it has giving us common sense people a good laugh.
0.4666666666666667,i want to fuck your face
0.26666666666666666,Yes this idiot @ Annelli gots to go!!!!!....did you call her a gorilla lol  I am done
0.3333333333333333,All of you dumb turds just lost that argument.
0.3333333333333333,Are you shure Neil's last name is not  Moron ? Tucker looks like you  should get another visit from Jon Stewart
0.13333333333333333,You are a filthy P# IG
0.3333333333333333,Gay. Douch'e turd fuck.
0.13333333333333333,the retina display one comes with SSD only big fat liar
0.26666666666666666,Hey fucko, I tried Snafu parts when they just came out,Their tires like the Rimjob and the fat seat they had at the time were fucking horrible.I have not brought a product since,Word has it Snafu has not improved hardly a bit since then.So fuck Snafu and Jerry Bagley.
0.13333333333333333,LOL, I am the adult and you are the childish coward hiding behind a phony username. You are the one hiding behind your mothers computer.
0.13333333333333333,I love your un originality. ^.^
0.4666666666666667,why are you turning this fun event into a race thing?  miserable fuck.
0.26666666666666666,nah but im sure he fucked your mom
0.2,You are a lying, libeling, loser.
0.4,It is, it has the INTENT that makes it illegal you fucking retard. I think it'd be easier explaining something to an actual chimp than it is to a person with a chimp IQ  you .
0.13333333333333333,I have been watching and playing roundball much longer than you been alive young man. So you need to stop with you ignorant comments about others not being able to read the  Full Story . Now you say I am uneducated on the sport. You are young man with a Miami Heat type ego. This has been fun reading your post getting all upset. Too funny, and YOU @facebook 1440870071:disqus , you need to grow up.
0.26666666666666666,Ha, ha, ha,ha. If there is a troll around here, it is YOU!   Go back under your bridge. We do not need you to garbage up another thread with your BS and non sense. Best president. That is droll. If he is such a great president, then why does he give a free pass to torture?
0.4,I really want to slap this fat fuck   right in his face... WTF is wrong with you wingers? I cannot wrap my head around it   Sweet Jesus, we gave you guys 8 years to run the country, and ya fucked it up, royally....Now, you want to lay the blame on us? What in the hell? Palin? Romney? Are you fucking serious? It boggles my mind.
0.4666666666666667,It is, it has Trayvon, you moron.  If you are going to trash talk a dead kid, at least have the class to get his name right.  Not that it matters to you.
0.26666666666666666,You would be the one to know that. But I dont think the color of the cock matters to you as long as you have cock you sick aids infected sodomite. They should charge a cum gu  ler like you more for healthcare. the actuary tables prove that your lifestyle choice is a deadly one.
0.06666666666666667,You are probably the most ignorant fake exile wannabe ever to post here, always kissing the arse of Posada & company.
0.13333333333333333,@KottiKaDottiisthenameofGod:disqus That is, that has what I find funny.. how people think that because I believe in God, that means that I am supposed to just stand there and take whatever people hand to me. No, I am not out indulging in petty arguments or living ANY kind way.  If something were to come my way, it would be because they are LOOKING to cause me harm. My Bible tells me to protect my annointing with my life. =  That is, that has why I feel comfortable calling you Uncle Tom. You are the  negro  who acts and thinks just as white folks would have you to.  They used the Christian faith to make brothers and sisters submit... What people DON'T mention is that THAT is why they did not want slaves learning to read and write. They might've read that Word and couped!  It did not happen because God has much BIGGER plans for people who have misused His teachings.
0.2,dan amd  You have realy no clue on every single idiotic comment of all your posts.WE ALL DON'T enjoy your stupid PRO AMD B:U:L:L:S:H:I:T ignorance.Please crawl back then in the fat ass of your gay loving buddy charliedemerjian semiinaccurate and try to find the light inside   U stupid FAG!  WE REALY DON'T NEED AND WANT YOUR POST HERE ANYMORE!
0.3333333333333333,bitch stfu u prolly smash anything walkin... lame ass internet thug
0.4,just in case you need reminding, you are an idiot.
0.3333333333333333,What is, what has pathetic is your ignorance.
0.4666666666666667,Wow no kidding? Thats why its MY opinion Monica you stupid female. Add you to the moron list.
0.26666666666666666,\ \ It must suck to be so stupid.\ \  Mindless, though controlled libturd sheeple.\ \
0.13333333333333333,No, building much better automobiles. Your pathetic bmw is not the best at anything while Audi and Mercedes Ben  have some qualities to boast. That s why I call  bmw fans like you absolute idiots.
0.2,Dip shit, W followed Clintons left wing standard.You HYPOCRITES crack me up your so transparent.
0.26666666666666666,I am a liberal moron. I smell cause I do not bathe as Media Matters pays my meager check. I slept in some Occupy Wall Street tent doing coke and getting porked by michael moore. I am a drone and live in my mother's basement. My only out is posting stupidSHIT here on fox news  I have learned Cut & Paste as my poor logic tells my inbred brain that in doing so, I will CONVINCE all conservatives to REALLY see things my way and follow my lead. I own an obama picture that hangs over my bed. I also own and sleep with my very own inflatable obama doll which I hug & squee e and love a long time
0.2,Now do you see why people call you a moron?  You get back what you give out.  Go spread your hate to someone else.  Hypocrite.  LMAO
0.3333333333333333,Can you please crawl back in your pathetic little hole. Trolls do not accept you because you are stupid as fuck.
0.26666666666666666,We know what a piece of crap you are so help yourself. You are nothing but pure low life.
0.26666666666666666,To all the idiots in Detroit who bashed me for saying verlander sucks, go get an education because I did not say that in any form but you attacked me for saying that...is the bad economy making you mad? Lol
0.4666666666666667,Tatum you suck.   These drums are better than your mom.
0.3333333333333333,It what way is it hideous?  no quad exynos = quad fuck no  does not even make sense.. Try speaking English.
0.4,WOW LOOKS LIKE TWO WHITE GUYS. WE NEED TO BAN ALL WHITE FOLKS FROM MIAMI. JUST LIKE YOU WANT TO BAN HIPHOP MEMORIAL DAY ON SB. THIS MUST BE OBAMA'S FAULT RIGHT. U DUMB ASSES
0.3333333333333333,You ain't a physician.  You are a physical idiot.
0.4666666666666667,Look at your name. Of course you do not think Rondo was under him. You are butt hurt by the butt fucking they just gave to your team.
0.3333333333333333,CAUSE YOU ARE A PHUCKING LIAR
0.4666666666666667,@f80ec2112a358a6980e7e3e2e10c1002:disqus  Your post is a fucking joke.
0.3333333333333333,I see you and your sister got together to have a couple of kids......
0.06666666666666667,You parade your ignorance like it was a crown for all to see, a most pathetic puke you are, America Hater!!!
0.3333333333333333,Tolerance? For dictators? I never said such a thing, and I never would. You bring shame upon yourself making excuses for tyrants and murderers.
0.2,dan amd  You have realy no clue on every single idiotic comment of all your posts.WE ALL DON'T enjoy your stupid PRO AMD B:U:L:L:S:H:I:T ignorance.Please crawl back then in the fat ass of your gay loving buddy charliedemerjian semiinaccurate and try to find the light inside   U stupid FAG!  WE REALY DON'T NEED AND WANT YOUR POST HERE ANYMORE!
0.2,dan amd  You have realy no clue on every single idiotic comment of all your posts.WE ALL DON'T enjoy your stupid PRO AMD B:U:L:L:S:H:I:T ignorance.Please crawl back then in the fat ass of your gay loving buddy charliedemerjian semiinaccurate and try to find the light inside   U stupid FAG!  WE REALY DON'T NEED AND WANT YOUR POST HERE ANYMORE!
0.2,Those engineers are for mobile processors... as in for iPhones...
0.13333333333333333,See three other people wih IQ's lower then you clicked like on your comment!  Congrats!  You are not the dumbest one on the blog!!
0.4666666666666667,You are a complete jackass to blame the Mayor.   Get a life!!!!!!!!!!
0.3333333333333333,You are not ready for this show and you new this before you started you a punk and do talk BS behind ppl back get courage up let the black side come out
0.2,retired soldier\ \ I remember the time when being gay was considered to be a mental illness. In the military we used to throw you creteis in the slammer...ah those were the days.\ \
0.26666666666666666,Would someone who regurgitates and parrots the sheep line from the tape recording really understand?
0.13333333333333333,Boy, you are puerile, are not you?
0.2,dan amd  You have realy no clue on every single idiotic comment of all your posts.WE ALL DON'T enjoy your stupid PRO AMD B:U:L:L:S:H:I:T ignorance.Please crawl back then in the fat ass of your gay loving buddy charliedemerjian semiinaccurate and try to find the light inside   U stupid FAG!  WE REALY DON'T NEED AND WANT YOUR POST HERE ANYMORE!
0.26666666666666666,Shut up you stupid ho.  LOL
0.26666666666666666,@Vanity you just proved your ignorance.
0.26666666666666666,Get your facts straight idiot, 70% of crim is NOT committed by black people, what a buffoon!
0.4666666666666667,OH SHUT THE FUCK UP YOU CRY BABY BITCH! GO CRY A FUCKING RIVER AND TELL ON ME SOME MORE TO THE ADMIN! REAL MATURE WAY OF HANDLING THINGS CRY BABY!
0.13333333333333333,There is, there has  team SEC  again.  You are a Kentucky fan.  Go away.
0.2,1cF**k you man. Who do you think you are you poor c**t. F**k you, f**k your mother, f**k your father, f**k your wife, your children and your life. You are f**kall P***face.... Go f**k your hand. 1d F  k your dogs
0.13333333333333333,Vacman, Foxtitues is lame, corny.  I know you are proud of yourself for thinking you invented the term but I have seen it in other folk's posts.  It just makes me groan.  I also do not like libtard, Rachel Madcow, etc.  These terms are tiresome.  And you need to quit watching CNN, MSNBC, Anderson Cooper, Ed Schult , etc.  You really need to develop some views of your own.
0.3333333333333333,This kinda fucked up thinking is why you need a civics lesson... you have no understanding of simplest concepts of democracy.
0.4,The only language you understand would have to penetrate the walls of your rectum and vibrate your eardrums.
0.26666666666666666,so u a real bitch can u take dis real polish hotdog i got for u
0.4666666666666667,no, it didnt, your comments just proved even more that you are a self absorbed pretentious asshole
0.4,I am asking quellepotat a question, you stupid son ofabitch! Why do you keep hijacking everyone's post? Do you think you know it all you a s shole!
0.26666666666666666,Haha.  A black kid was shot by a hispanic and you still find a way to blame whitey.  Your ignorance is astounding.
0.26666666666666666,@Beat xx  AND YOU DESERVE TO DIE
0.2,You are such an asshole it is not even funny anymore. You must be one of those people that is near impossible to be around and who corrects people when they say  less  instead of  fewer.   People like you never make it very far, regardless of how great you think you are, because you are impossible to work with and a complete snob that everybody tends to dislike.
0.4666666666666667,Let me guess, your a UGLY FAT ASS WELFARE COLLECTING CAUCASIAN, correct ?
0.26666666666666666,Alara cant go kill herself what the sick she looks like some fagget in girls close and no alara you would not be the perfect juliet so go die!!!!
0.4,Are you always this stupid or just when you are defecating on the internet?
0.4666666666666667,You call people racist & idiots, yet you say  you are mad that your momma wants a nice black p*nis in her life  you sound like the idiot to me......loser
0.4,hahahahaha.  What a jack a $ $  you are.
0.3333333333333333,You blowing someone 100 times does not make you a better c0ck sucker than if you blow someone 10 times ..... bottom line you just blow
0.26666666666666666,looks like more Obama nut juice on your face punk
0.3333333333333333,stick that up your ass fruit cake. You get no tolerance and you get no special rights. We are not required to give you jackshit. I am sorry I used the sh t word. I know that gets you excited like a fart does...the homo mating call.
0.2,Like all fools on this site, you are not intelligent enough to understand an intelligent person, you dolt...!
0.2,I do believe that @boby:disqus  & @aproudELF:disqus  are the same girl with two different accounts .. the same sick mentality ... trashy and trolly
0.06666666666666667,Try training for a job that makes you too important to treat like that. Hamburger flippers are a dime a do en.
0.26666666666666666,This is one of many reasons why you are the face of failure.
0.13333333333333333,You do not deserve a call honey, 'cause you really are a slut, and like your mom, you will, you shall do anything for money.
0.4666666666666667,You are a total idiot.  You are probably unemployed and will never be able to find a job.  I am glad you will not be able to figure out how to vote so we do not have to worry about you on election day.  Do you just sit in a dark corner 24 hours a day, or do you just act like you do?
0.2,make your own sammitch bytch and I do not need porn I got your fat mamma for that
0.26666666666666666,Mayne, SHUT the F*CK up, HOES.....You hatin heffas are just mad that JONESY can see her cooch and does not have to use a mirror tied to her foot to see how to wash the mothaf*cka!!!! You fat, ugly, STANK, Weave wearin' BYTCHES are a GOT damn mess!!! Now do not get me wrong, Jonesy needs a better stylist for her shyt too, but she STILL looks better than the majority of you wack a$$ed FAT hoes on here......
0.26666666666666666,Idiot
0.26666666666666666,You arent real smart are you?    cacoethes scribendi
0.4666666666666667,there is something wrong with you. I hope something horrible happens to you
0.2,Only an unaccomplished unemployed bed wetter who lives with his mom would boast about how many disallowed posts he made. A real over achiever, is not he? It is, it has very telling. \ \ FFS, he is, he has so excited he p\ \ ssed his pants...that is, if he WORE pants.
0.26666666666666666,@fresh2deff @Trey YOU are the idiot fresh 2 deff and probably a friend of Treys since you never posted here before this. Storm and everyone else who is offended by this inhuman loser are regular posters. So you can come here and Tell us how to think? Your the real loser along with Chris and Trey.
0.3333333333333333,@Yin erinKT  @Guinning Your mother's a whore Trebec.
0.3333333333333333,Gently pull the tampon out of your pussy and stop bitching... Bitch
0.4,Are you a mentally weak flagger bagger stuckinstupid?
0.2,LMFAO AT YOU!!!!!!!! WHERE IS YOUR RECORD CAREER GOING DOG?!
0.4666666666666667,you with the 'racist' screen name  you are a PieceOfShit
0.13333333333333333,Nope nope nope. You betcha has never lynched anyone. Are you really this dumb?
0.2,dan amd  You have realy no clue on every single idiotic comment of all your posts.WE ALL DON'T enjoy your stupid PRO AMD B:U:L:L:S:H:I:T ignorance.Please crawl back then in the fat ass of your gay loving buddy charliedemerjian semiinaccurate and try to find the light inside   U stupid FAG!  WE REALY DON'T NEED AND WANT YOUR POST HERE ANYMORE!
0.3333333333333333,You know that sound you hear thumping in your chest? No? Right  that is, that has because you are clearly heartless. You are more vile than those you are gloating over.
0.4,Her fucking trap should be sewn shut with a very stout thread this POS barbara espinosa.
0.13333333333333333,Do not talk to your MOM like that you stupid omeba.
0.2,I have a big dik you should suck on that loser
0.26666666666666666,Did you actually know her personally or are you always this nasty?
0.2,PERVERTED IDIOT.  IT IS TIME TO     YOU FOR THE REST OF THE NIGHT!
0.06666666666666667,just another one from the Odumbo crowd
0.2,I do not think anyone deserves a second chance when it comes to squandering taxpayers money.  That is, that has tantamount to treason in my mind because you are betraying the countr you are supposed to have deicated your life to  Once someone has acted in a corrupt manner, I believe it is all to easy to repeat that behaviour. My opinion though, we'll see if Cele's licked  uma's a$$ enough over the years
0.26666666666666666,Good riddance you special pile of human excrement.
0.4,NO....YoU An iDiot...
0.3333333333333333,you are a simpleton. lawl &nbsp
0.0,What is your porblem with the Cuban Community? If you have not reali ed that we are the majority and that we are the one that rum this County is because you are realley an ignorant. We are better that you and your people because we have displace them. If you berlieve that we are going to take this insults from you without puting you in your place, you are dead wrong. Why do not you go a fly a kite or do something more compatible with your level of stupidity. You are only a litlle dog barking against a very large Community that control most of this county. We do not need jerks like you here. If you hate us so mucho why do not move out of the area or better why do not you drop dead Animal.
0.4,May I assume,  trutxn , that you are a revenge hungry simpleton, and that my comment caused you some discomfort?
0.4,Nobody was talking to you so fall way the fuck bakk little girl ..
0.4666666666666667,Look.dumbfuck. I am just pointing out the asshoIe's hypocrisy in calling out other people's errors.  If you want to defend him and suck.his.cock then go get a private room together and have some decency.
0.2,you people are disgusting
0.3333333333333333,Take your meds and go back in your cave.
0.4666666666666667,LOL!!! Fuck da vid .... u sissies trip me da fuk out wit you all ''rebuttles''  smgdh
0.13333333333333333,If that is your talking point you have just displayed your ignorance.
0.13333333333333333,57 states Corpesman Polish Death Camps  I am telling you this guy is a blithering idiot, if he were not such a narcissistic creep, he would know things.
0.4,Jimmy you are full of crap. You did set up Jessica why do not you just admit it. You should get fired too just like JLo and Steven Tyler. I hope you get what is coming to you  you dirty old fart.
0.13333333333333333,ALL you see is blk and white. You are pathetic! You also lie. You DID NOT have slave family members! I call you on that lie now.
0.13333333333333333,Hey, Bertone, you are the certified liar here. Your saying others  continue to invent fairy tales and repeat legends  would be funny hilarious if your fairy tales were not so deadly to the poor kids under your wicked influence. You and your church are a damned disgrace. SHAME ON YOU.
0.13333333333333333,Aas opposed to an EUloon mentalcase like you, sob?
0.13333333333333333,The reason you do not have a job is because you suck at English. \ \ Read your 2nd sentence...derrrr!
0.4,How the heck did you survive from your mother's abortion?
0.2,....and you are a faggot who sits at home, watches his clip and feels the need to feel important...CONGRATS
0.13333333333333333,have another bottle of Ripple and go back to your drunken slumber.
0.4,Complete suicide dumbass.  You are wasting oxygen and space that a rat needs.
0.3333333333333333,You are a complete idiot! How dare you make such a disrespectful comment toward someone who has died. What is so funny about it? Do you really get off by making these childish and hateful remarks?
0.4666666666666667,You are an excellent example of how repulsive libbies are. Selfish losers to the core.
0.4,you are hallucinating again, please go back into your box.
0.13333333333333333,You are a true schmuck. What jews are living illegally in Africa?
0.13333333333333333,You are not very bright are you?
0.13333333333333333,you seem to be the one with the  rage  there grandad.Jesus why dont you chill out for once,maybe you really are too old to be on here.   RJ SADLER has A 2ND account as DOC MADDEN  He is, he has also nearly 50yrs old ..so be careful kids!!
0.2,Perhaps you should go back and re read your posts from June 8th.  Or would you like me to  copy and paste  them here to show just how much of a LIAR you really are?
0.3333333333333333,hehe you are a dumb@ss.
0.26666666666666666,Why would Diplo sign such a terrible rapper??? This Orion chick is really bad too. Next time you walk down your street, stop the nearest person and ask them to spit 5 bars. 9 times out of 10, you will have found someone better than Riff Raff. Guaranteed.   ebra stripped glove??? What is he? Some sad cross between a Micheal Jackson and a LMFAO wanna be? I hope some one shoots him before he starts polluting the world with kids as retarded as he. Oh, I am Sorry! That is, that has an insult to retarded people.
0.2,Oh,  please quit.  You are scaring me!  C'mon sissy boy,  you know your boyfriend will not let you come out in the desert to play.  You would not know what to do in the desert anyway.  If you have not got your bf's schlong to suck on,  you would not know what to do.  You just keep on sukin' and sit'n behind the keyboard talkin' shit.  That is, that has all you liberal fags are good for!  heh, heh!
0.06666666666666667,This skinny little faggot as Commander In Chief....you have got to be kidding.......he would not last 5 minutes at Parris Island.
0.3333333333333333,YABBA DABBA DOOOO HAAAAAAAAAAAAAAAAAAAAAAAAAAAAAAAAAAAA YOU'RE RETARDED
0.06666666666666667,Id be more embarrassed if I was a  ombie voting pole climber that was unable to think for myself with the personality of a cabbage. A bit like you really.
0.2,It is, it has because you are an Obama slave..................
0.4666666666666667,he meant the kid passing his dad the ball without looking, you cynical bastard!
0.13333333333333333,@GOLDENCHILD111   you are a fool and dont make sense, try spelling properly aswell
0.4666666666666667,I do not need ups I joined the military to get away from the bullshit they talk about..they talk it I actually got locked for it..wasted 3 yrs of my life because of that stupid ass mentality..I know your type too..a fuckin wana be..punk..whatever else you wana call it..you envy stupid shit and expect people to take you serious..fucking bum
0.4,Thanks for explaining Professor Knucklefuck
0.2,This nigga trash..If it aint about shine or clips,fuk em..Harlem stand up
0.06666666666666667,Ooooh, that jungle love they give us is SWEET!!! ===================================Yepper! You were born and raised, in the jungle by apes and monkeys! When you go to the  oo, the FIRST place you visit is the monkey section!Remember, tar an the apeboy? You are apes and monkeys. What was his FAVORITE pet...the monkey! Remember that white bitch, that lived with gorillas for 18 years? HUH? Her name was Dian Fossey, a  oologist/ oophilia. What about the white bitch, who was sexing her monkey, that ended up tearing her face apart? REMEMBER THAT?CUT THE HAIR OFF A MONKEY  YOU WILL GET A HONKEY, i.e., thin lips, flat red ass, slumped over, big ears, funky stinch odor, and are easily trained!Now, go back to the jungle with your monkey/ape family! lolJUNGLE LOVE...you got that right! Y\\'all caucasoid monkeys LOVE apes and gorillas!!!beastiality = 1. Sexual relations between a person and an animal, including intercourse, masturbation, cunnilingus, frottage  rubbing , anal penetration, or having ones genitals licked by an animal. 2. A synonym for  oophilia, but a distinction is sometimes made between bestiality, a sexual act with animals, and  oophilia, sexual arousal from contacts with animals. BYE, MONKEY BOY or tar an, the apeboy!
0.4666666666666667,no i am not..... but for you to go threw all that trouble to create a name, saying that im gay......you must be a fuking fagot who has no life and wants attention....get a life!!!
0.0,Anoel       Gotta go do  real  work but I still want an anoellment from ya.  You are a waste of humanity .  :
0.4,I never said I was smart. In fact I am a complete moron. Which goes to show just how stupid you are. CBS, NBC, and fox sell advertising TIME. The billboard owner sells advertising SPACE. All sold to the advertisers that want to sell you their crap.
0.4,Hey, Jimmy: go fuck yourself.
0.3333333333333333,@pc tool  The difference is that I do not go around trash talking in android articles!!!!  Are you that fukn stoopid!!!??????  I never read android shit....  Damn ur such a fukn idiot!!!  Your idiocy has literally upset me!!!!  How can a human be that fukn stoopid??????
0.2,still spewing your ignorance i see...........phuk off jack a $ $ !!!!!!!!!!!!!!!!!!!!!
0.13333333333333333,Hey moron  JOBS ONE , the Hispanics already know that this does not provide a pathway to citi enship.     How long do you think it is, it has going to take for you to figure that out???
0.2,Please  uluShaka shut the eff up before you embarrass yourself further. If you cannot do it for yourself do it for the kids you may have now or some time in the future who would disown you if they found out you are this dumb. Please shut up for your own parents who would hang themselves in shame if they knew they spawned such idiocy. Shut up for your spouse who may not live with the ridicule if het friends found out she married a lunatic. And please shut up for the teachers wavakarova nerekeni uchiti a chikoro. Please shut up.... log off the internet and go into an asylum
0.06666666666666667,Wow!  Are you the posterboy for ignorance run rampant?  Try a spell checker.  I do not know what you can do about your syntax, except go back to school.
0.26666666666666666,He is, he has an idiot
0.3333333333333333,You are a drone     Go back to your complaining and hating   dung beetle.
0.3333333333333333,And you are a fag, just like yo daddy.
0.13333333333333333,just reading back over you old comments and i am finding it very hard to find even ONE where your not being a total prick to people. YOU ANGRY OLD MAN!!    RJ sadler has another account as DOC MADDEN  he is, he has also nearly 50yrs old so be careful kids.
0.3333333333333333,\ \ Now when you jerk off to his picture, you do not have to worry about doing prison time.
0.2,Ol girl in the purple would get it with her fat ass, lookin at her wooble that ass made my dick hard. I am jus sayin...
0.26666666666666666,He had, he would find an @$$ clown like you if he did.
0.4666666666666667,Damn you get stupider every day.  Poor guy.  =
0.26666666666666666,that bitch nipples was sharper than a sharpie, them shits was pointy af
0.13333333333333333,@nealcity  Are you employed?  By whom?  You are talents are wasted at whatever you do, I am sure of it.   lul
0.4666666666666667,Pfuck you, Media Matters troll.
0.06666666666666667,And what b l  a c k   ock just slapped your fat a  , Cowgirl  ?
0.06666666666666667,Doubtful. I am 5'11'' 175 and very well trained.\ You are merely a pathetic c0ward
0.4,Where you see anaything I said about reppin base anything? bitch ass nigga
0.4666666666666667,Are you cra y? Yes.
0.13333333333333333,BettyLou, Get your head out of the sand and begin acting sensibly, like liberals.
0.4666666666666667,this is wat u call a skank ass trick ass jumpski ie u aitn shit but sum stank pussy and u make my black queens look bad kill yo self ho 4 da love of fame bitch u sellin yo soul and yo pussy grow da fuck up and b a fuckin mother das y ya stupid ass gotta child as it is cus u cant put ya ran thru pussy away and be a fuckin role model 4 da youth. damn grow da fuck up skanks of da world
0.4666666666666667,dude fuck whatever u are on its made you completly retarded your mama was what was stale
0.3333333333333333,Howard    You are such an idiot!!!!
0.2,probably throw his elbow out swinging it like a  pussie he is.
0.26666666666666666,Inflamer!!! you need a f cking bullet in your stupid head, and i will be only toooo glad to oblige   free of cahrge of course you big moutn racst idiot
0.13333333333333333,You finally came down from your jungle tree.
0.0,Why do not YOU commit suicide and make the country a better place.
0.3333333333333333,Ha ha ha!!! FAT, UGLY, WEAVE WEARIN BYTCHES CRACK ME THE HELL UP!!!!! Look bytch...If I choose to F*CK WHITE GIRLS, THAT IS  MY CHOICE  TO DO SO, and  YOUR  FAT, FUNKY, overweight A$$ does not have any input on it whatsoever....I will, i shall ALSO add to the fact that  YOU  admitted to chewing d!cks for a living, FAT BYTCH.... Do not forget that I can  and will  pull YOUR comments up, seeing as I have done so a bunch of times before, FAT HOE... iF ANYONE'S  pathetic  AND GRASPING AT STRAWS TO REMAIN RELEVANT, IT'S you, FAT HOE.....
0.06666666666666667,Pretense?  Only you leftarded, batshit cra y troglodytes would have a comment about race when in REALITY it is, it has all about his socialist/marxist/facist bullshit way of governing.  You idiots cannot come up with anything better of a real argument other than playing the race card.  YOU ARE PATHETIC!!  Besides that, you do not know me at all.  How do you know if I am white or black, or if I am latino or asian.  YOU DON'T!  Try again you mouthy little punk!
0.26666666666666666,Are you really and idiot twisted pathetic illiterate redneck or just plain simple  mentally disturbed and delusional?  You are gonna have some surprises in the  near  future. Be prepared to what will happen.....in  your  country.  You really think Romney is different!! ahahahah  no problem, there are people who believe in Santa, some believe in the Easter Bunny....ahahah
0.26666666666666666,This  PEYOTE IS FREE!  moron posts in every weed related thread. You are not going to tell us where you harvest your yeild,  not that I blame you  so why do not you just shut the fuck up and go eat some of it, idiot.
0.2,You are the epitomy of  trash
0.4666666666666667,That is, that has the Teabaggers who are creating the  police state , fucktard.   You lose....yet again.
0.2,No, I think wimmin talking about treating looking as wolf whistling  see related articles  and  being wolf whistled is as hurtful as being groped, slapped  and of treating all  sexual violence  on a par is thretenening half the population's liberty.  But what would a feminist understand about human rights or justice?!
0.4,Excuses are like as$holes and you should go suck a fart out of one.
0.13333333333333333,This is what happens when local news channels, KSL, KUTV, KTVX, KSTU reveal the local's best fishing places. Advertise our wonders, our marvels. It is, it has all money driven. Capitalism at its finest.   Unless you are very wealthy, you are an ignorant fool to vote for RICH politicians at election time.
0.3333333333333333,your pathetic attempt at a joke belittles the horrific violence done to another person while reinforcing the stereotype that conservatives are racist  or maybe you are a liberal trying to make conservatives look bad . congratulations on being a piece of shit  there is no indication that this woman died because of the color of her skin  the color of her killers has no bearing on the beastly nature of their crime.
0.4666666666666667,Only racist here is YOU!!!!!!!!  Take your racist statements and FUCK OFF!
0.26666666666666666,Shut the fuck up coward. Get lost and that includes the brood mare who bore you. To raise an insipid, selfish little shit like must have made he quite a great mom.
0.3333333333333333,Thank you for whining and not having enough intelligence to go elsewhere for your news if you do not like CNN.  Oh wait, I really do not think anyone should thank you for being clueless and annoying.
0.13333333333333333,exactly.......little ole crybaby can call players names like troid.....but then turns around and calls people classless or haters  BIGGEST HYPOCRITE ON THESE BOARDS
0.2,You are free to leave whenever you like tinkerbell. Maybe the Kossacks or HuffnPuff is more your style. Why do not you go over there and complain about their lack of balance?
0.26666666666666666,Idiot.
0.3333333333333333,More crapple stuff for the fanboys to jurk off to in their mom's basement.
0.0,Mr Moron why dont we place your desk and you on the moon    obviously you are already braindead and will not suffer for the lack of oxygen   What planet are you living on dunderhead?  This man Obscumbo is no doubt the stupidest man to ever sit in the oval office   legally or in his case illegally. A sheer bonehead and you are absolutely correct, the government is moving in the wrong direction!! Are you starting to accept and acknowledge responsibility for your pathetic fiscal insanity over the last 3.5 years Mr Bonehead In chief?
0.26666666666666666,Take five minutes to do your own research.
0.06666666666666667,Baseless insults is all you have to offer. And you wonder why the Liberals lost the House in 2010 and will lose the Presidency in 2012. Extreme comments like yours may inflate your fragile ego, but they only alienate independents. Keep it up. People like you are 0bama's biggest weakness.
0.3333333333333333,You are an idiot  my intolerance of your idiotic opinion is intentional .
0.2,You seem very unintelligent...
0.13333333333333333,FOUR MINUTES?  CHIMPING OUT AGAIN.  HE WAS SHOT IN THE ONE MINUTE RANGE FROM WHEN GEORGE HUNG UP.  PROVE IT THUG
0.3333333333333333,You would know alot about rolls, fat boy
0.06666666666666667,four2goJust  nowin reply to 45ACP     ................and YOU just PROVED MY point!  That your a no nothing stupid bitchh? I sure as heII did, did not I!
0.13333333333333333,haha it was all fun and games and checkin out nice cars all you people saying street racing was going on is blind and your a loser computer junkie get a life live a little if your not doing anything wrong your not doing anything at all L O S E R S get a life drive your civic to the library where u L O S E R S meet to do your reading hahahaha
0.2,So you are the Queen of Trolls? You should create yet another username and call yourself that, then.
0.3333333333333333,Well it takes an idiot to know one!
0.06666666666666667,gurneman 1, you are a weasel working with the Israelis.
0.4666666666666667,You are the retard. The Falklands are 8000 miles from this dump. What is the picture of? Your Cat?
0.26666666666666666,Did you really just comment this? Your mother must be so proud. What a loser you are, DJR.
0.2,Hold it, a woman is a man without an erection?\ \  And you are saying women like anal sex? Do you mean to say that you are trying to have sex with only transexuals and transvestites is that what you are looking for?  I bet you a fuckin homo asss tranny for sure!  tryin to stalk me.  Bitch Imaputit, truly I am a smack you so hard your teeth fly out then tie you to the back of my car and go on a long stroll through the hood .   I am pretty sure this article concerns earth bound humans. I do not know what species you are referring to in your comment.
0.2,They certainly can reproduce, they are not sterile you idiot.\ \
0.26666666666666666,It is, it has easy for cowards to be internet thugs and post stupid stuff about an opinion. That is, that has all I will, i shall say about your ignorant post! Seek knowledge and you shall find it someday!
0.3333333333333333,Lol opinion? Nah boo, you are stupid. Please read all of your comments once more, copy them, and save them until you are old enough to comprehend the fact that you are ignorant and stupid. Have a nice day.
0.0,People like you are a complete waste of time and I really am appalled by your ignorance and your anti Semitic hatred.  I pity you when you stand before God... and you will one day, whether you believe in him or not.
0.4666666666666667,He will never be ashamed. Lefties are amoral so they have no shame. They think patriotism is quaint and soldiers are tools.  Wonder where these assholes would be if it were not for those they hate so much.
0.26666666666666666,I guess you are not used to conversing with someone with an IQ greater than a 5 watt light bulb?
0.2,Audrey, your idiocy about  Israel's strategy,  is simply your idiocy.  Of course Israel is appalled by the deliberate targeting and murder of civilians, brainless cretin.
0.2,you cannot even spell you idiot  you would watch that dumb shit
0.26666666666666666,EI. TRUTH BE SAID. U R THE TRUTH. FUCK AKATA PPL. THEY ARE JUST SLAVES. LOW IQ'S
0.26666666666666666,Shut up, Michelle!   You and your communist husband are nothing but parasidic scum.  Go back to the garbage can you came from and leave the United States of America alone.  You are both impostures stealing from the American people.  Nothing more than corrupt and evil trash!
0.2,I hope you all stand by me when I say this   roth shut your mouth you ungratefull bastard  I had, i would like to kick your teeth in  dreamteam dev bigboss and many others are breaking their backs to  Get us the new tool and if we must wait a little longer then we will I am very grateful for all they have done thus far so keep your pathetic whining to yourself you arsehole in fact do the world a favor and go and slit your wrists you pathetic little worm  dreamteam bigboss dev and all the hackers doing the job good work fellas keep up the good work and thank you again for all the work you guys have done this far
0.2,you are a hater
0.3333333333333333,You are a pig!
0.2,Like i mentioned i am fucking bored, girlfriend is working through blogshop. I agree with those easy money, by just selling every piece of worn shirts or craps to other people. Its not as easy as it seems, she gotta travel here and there just to pass buyers 'USED' items. \r    So now im alone with her younger brother in my girlfriend house while she is out to meet buyers. We surely drifted apart because she had to entertain blogshop for 24 hours 7 days. And time we had just decreased tremendously . \r   Now, her little brother, JAVIER, 5 years old is the worst kid ever in the history of worst kid. HE HAS THE SMELLIEST ASS A LIVING THING CAN IMAGINE. Shits in his pampers for more than 12 hours and he still refuse to change and de 'AROMA' simple fill the air. This is deadlier than snorting cocaine. He is fucking rude and have no discipline at all, he is just a useless brat. Seriously, i just hate him. Enough said ..
0.2,Yes, his first term is...and it is, it has on to his 2nd. Time to get the nails out of your brain so that you can think clearer...
0.26666666666666666,Get back under your sheet...or better go hang yourself.
0.26666666666666666,GOD is watching you and he will purnish you die in hell faggot
0.0,Are you high?
0.06666666666666667,Oh, Vicky 2, you are not the one to speak about errors in English, are you? You are so stupid...
0.13333333333333333,You are looking for attention because you were dumped by one of your relatives and feel lonely. Inbreeding is not all it is cracked up to be is it?
0.2,you are truly stupid. your opinion is just that, but it is coming out of your A*** .
0.3333333333333333,Yeah lets blow up your special place of being when your not there. Scum.
0.13333333333333333,You Dems,,,your leader is Old News,Like You.Hes done and so now Your Done. Hes yesterdays buisiness like you and your foolish party of misfits that dont stand for America
0.26666666666666666,Ordering police to stand spectators? You must be thinking of Congressmen like Jagdish Tytler, who comes from the  sekoolar  party.   Over 300 were killed by police firing in those riots, and it is, it has well known. The fact that you see an opportunity to spread slander and lies says volumes about you.
0.13333333333333333,Trent is just begging to have the drool slapped off his brown chin
0.2,You described yourself to a tee. As for ditch diggers, you wish you were smart enough to be one. Now I do not give a damn what you do that is, that has way below being a ditch digger, whatever it is you know you are not worth a damn at it. As being a teabagger, and fox. Oh no you do not, you kicked out of the alley cur. I am a 100% cspan watching liberal, democratic voter that simply loves the ground President Obama walks on. However, unlike you. I call it like I see it, not a water carrier. Now run along and do whatever old mangy dogs like you do with you wasted days and night. And do it so more.
0.4,Haha you are so cool what are you a 5th grade English teacher
0.13333333333333333,No, Vicky 2....  wrote the pathetic and pathological Beckerhead.  Do you really think that we care what people stupid enough to follow Glenn Beck and self deceitful enough to rationali e his lies opine about?  Do you?  Are you actually that self deluded to think that we do not recogni e you for what you are, a childish flame warrior obsessed with every comment I write?  Anyone can see here that you are obsessed with me.  Guess you cannot stand someone who exposed your hero as the liar, hypocrite, ignorant reactionary propagandist that ignorant and gullible people like you support.  As a Beckerhead, you have gall to insult anyone's intelligence.
0.4,HELL NO!  I bet you did about shit though when she told you her plans.
0.2,You are just plain stupid and for that, there is no cure.
0.13333333333333333,So, those died in those   churches  were not innocent?  Tambuwal I dont blame. I know from time that, you are BH too. Northern  he goat. Better  go and settle your problem with police. All the noney you collected from farouk, you  go vomit am oooo. Foolish and very ugly monkey.
0.2,You are all disgusting retards. Go to Fox where you are welcome
0.2,You are still a pathetic, whiny child who wasn't disciplined when you were young. I blame your parents.
0.4,so i guess you retarded libturds want to ban christmas carols from schools, because you do not believe in Santa. you morons should be baned from breathing.
0.2,Paul lee and you are trolls.
0.13333333333333333,That is, that has funny! I bet you cannot get a citi enship. You probably do not even have your G.E.D.!! hahaha You Apes speak english and then you have people that become doctors from other countries that do not even speak english! Just look at you! Typing like a baboon, all in capital letters. You should appreciate that you were born in the U.S. otherwise, you would never attain citi enship. Whos the 31st president? You do not fucking know stupid ape.
0.4666666666666667,Are you mental or just trolling? I am from the same fucking general area of Canada the entire population blows Nickelback. The band makes me more ashamed of being in Alberta. I am a progressive socialist living in an extremely conservative area and a shit band pisses me off more then that. The fuck!
0.2,I apparently did not make myself clear. You are a typical White racist, Teahadist, Fascist, Wing Nut dummy.  You guys almost sank the ship and now you want a mulligan.  Well that is, that has just about the most masochistic, selfish thing ever. You do not get to fail again.  Admit it the GOP does not know how to Govern. Period.  You screw it up every time you get behind the wheel.  Your license should be suspended.  God why did you have to include GOPers in the grand plan.  You threw Adam and Eve out for biting an apple, these toads, cut down the tree.
0.4666666666666667,manny didnt get beat. you are fucking stupid
0.3333333333333333,Omfg how many trolls are here ???? When will trolls learn  #fucktrolls  #trollssuck
0.3333333333333333,Do you have any idea how fucking ignorant you sound?    Reluctant Registard.
0.2,Much like you and some others on this site.  You are  a hypocrite little girl.
0.2,Actually, I do not think she expects a call. She is merely proving a point. Your lack of comprehension makes you look like the f..ing idiot.
0.4666666666666667,THROW STRIKES YOU INBRED PIECE OF SHIT !!!!!!!!!!!
0.4666666666666667,\ \ Did not expect any less of you, scumbag.
0.2,From all of your other comments on this site, since when are you a responsible one to talk?
0.26666666666666666,LOL Whiny bitch, she deserved to be punched in the head!
0.13333333333333333,You need help for your obsession and you need it STAT. These blogs are going to make you cringe when you reali e how sick you are.
0.4666666666666667,It must make you hard to be so much smarter than everybody else.  If you want to pass on knowledge, leave your own ignorance of human communication at the fingertips and just answer the damn question.  You are no better than anybody else
0.06666666666666667,Oh man. You  and your kind  are what is, what has wrong with this world. I mostly laugh, but when I see for myself that there are actually people like you out there, I pity our species.
0.4666666666666667,Mr. Clooney,  You sir are a joke. Do not you understand that no matter how many ways you wrap a turd, it is still a turd. Get a clue.
0.4,Do not be mad at me, gays. Be mad at the gays who gave you your AIDS.
0.26666666666666666,Your filthy mouth says much about you and even more about those who raised you.    YOU'RE A FILTHY PIG............
0.13333333333333333,And you think I care about YOUR opinion?! WHO GIVES A FUUUUUCK!!!
0.4,FUCK U LA!!! NABEY!!!!! U BO LANGCHIAO!!!! MOTHER FUCKING BITCH!!!! U TELL SUPER JUNIOR UNTIL LIKE THAT??? U JUST SOOO JEALOUS OF THEM LA!!!! WTH!!!! U ARE A MOTHER FUCKING BITCH DO U KNOW THAT??? U JUST BEING A RACIST HUMA ... NO MONSTER WITH NO HEART!!! WTH!!! SAYING RYEOWOOK'S VOICE IS NOT NICE ??? UR FUCKING VOICE IS SOOO RUSTY LA!!!!! FUCKER!!!! GO EAT SHIT LA!!!U ARE WORST THEN FATS!!!!
0.26666666666666666,Clueless like all your postings
0.26666666666666666,Lapid's an idiot. I rest my case.
0.4666666666666667,there is no tamil areas in srilanka. is there any black americans areas USA. mind your own bisness hole world hate you as americans.better u stop steeling from others. if u no money eat some shit with tigers.
0.3333333333333333,If you are not Jewish, then you are a fool.
0.2,You are acting like a fool....do not forget to put your sheet on before leaving the house. We can all see you then...
0.2,Umm... Debbie is not #HopeAndAlgae a bumper sticker? Get the heII off my computer you femme a gogue
0.26666666666666666,You stupied ass, now remember do not use your cell phone or your computer because alot of components were delvoped in Israel. Ban her and her stupied  book from Israel. Let the bitch sell it in ga a and the west bank her Palestians would love to buy it.
0.2,The US never attacked Cuba?  You, sir, are a moron.  Is this one of facund's many user names?
0.13333333333333333,I am certainly no fan of Obama, but your blatant bigotry will only be counter productive because it just makes you look like a complete f*cking moron.
0.4,6'4  Damn you a  LITTLE  Big Bitch, you still gonna toss my salad I got the PB&J in my ass waiting for you
0.2,THIS IS WAHT THE MOD GETS FOR DELETING COMMENTS... STUPID IDIOT
0.4,go back to storm front you racist retard
0.26666666666666666,Your IQ is obviously under 130 since you are not familiar with the flynn effect.
0.2,You are a dumb turd...other than that, have a nice evening.
0.13333333333333333,ONLY ONE DEWING DA SWITCHIN IS YO MOTHER,SHE SWITCHED FROM FROGGY STYLE TO DOGGY STYLE WHEN IM IN HER!.  COULD YOU HEAR HER SCREAMING IN YOUR LIL PISS STAINED BED SITTIN NEXT DOOR IN YOUR SMALL ASS TRAILER?  I KNOW YOU DID BECAUSE THEM WALLS IS NOT EVEN A INCH THICK AND THE WHOLE DAMN TRAILER WAS SHAKING HAD TO CALL THE FIRE DEPT TO JACK THAT THING BACK UP ON THOSE CINDER BLOCKS WHEN I WAS DONE
0.4,You do not intimidate me you two bit bully...go fudge yourself you low life low rent douchebag.
0.3333333333333333,Hey look! It is, it has a woman who is, who has down and out and living on the streets. And your reaction to that is to stalk her and humiliate her publicly? What kind of sick fuck are you?
0.13333333333333333,I love this blog but its comments like this that make me think you are a pretentious comedy douche.     It seems to me that when a majority of critically lauded network sitcoms  have female leads and you are a person best known for being friends  with Jimmy Kimmel, being on The Celebrity Apprentice and Dancing with the Stars, and hosting a podcast, well, you should shut the fuck up about who is, who has funny and who is not.     He definitively best known for The Man Show or his podcast that was once the most downloaded podcast on earth. He also wrote a Book that debuted on the NYT best sellers list. Do not try to downplay a mans career because you disagree with a comment he said about women in comedy. Corolla is a paid comedian with over a decade of being prominent in show business he is allowed to air his opinions on comedy and say who is funny and who is not.
0.4666666666666667,no, what is pathetic is your attempt to communicate in the english language. also, your over reaction. you must be one of those catholic boys fooked up the ass. and you like it!
0.4666666666666667,Grow up you stupid mongoloid. Christianity is just as disgusting.
0.0,Holy Gee Willikers, your depth of knowledge and thought has been revealed!  How can anyone debate such a showing of intelligence.  You have earned this, it has been determined, you have brought this on yourself, you leave me no choice..................................you are dumb.
0.2,Too bad none of you are worthy of carrying his jock strap.
0.4,Lol veloce, i had to go, thats why i let you betray me :  Fuck. You. :
0.2,no, makemud, i do not like you, i do not believe you, i do not even believe you still have your manhood between your legs.  you are a phoney, made of mud.
0.13333333333333333,Stop crying  C's fans your time is up.
0.3333333333333333,Why do not you go take yourself deep loser
0.4,did dude a lame, you got spalshed, big deal, you in a pool, really? u want an apology. he cannot even fight, you threw him in da pool. you lame, bitch ass, n then u ran when he got bak out, bitchass nigga....u would have gotten served if dat was me, lame!
0.4666666666666667,Yeah, need to get some fucking nuts before tonight's episode.
0.26666666666666666,Lmao noone goes a damn what ur country says. And actually not it is not more offense it just makes u look dumb . And correction FUCK YOU.
0.3333333333333333,and you are not a bigot because .....?
0.06666666666666667,Your dumb
0.4666666666666667,WHAT A FUCKING ASS NACHO!!!!!!!!! And YOU sir are awesome :D
0.4,well i did...so you are an idiot.
0.4,I Fucks wit real niggas u kant keep it g then u shud be dropped period nigga
0.4666666666666667,Because this guy is so fucking clueless that he has no idea what 'irony' actually is.
0.4,that is a lie, do your research,ass wipe, her parents a well connected DemoCrap dick suckers
0.06666666666666667,You are such an idiot. Not that I disagree with this particular post, but nevertheless, youre a bafoon. That is all.
0.06666666666666667,You must be the biggest idiot I have seen make a comment in a long time. The guy is on life support and will probably die. And the good ole boys club is going to let him get away with murder. And you justify it? You are slime.
0.4666666666666667,shut up you are stupid dumb ass when you have stupid comment like this keep them to your self  john . Detective conan is the best of the best so shut it up.
0.4,From what I have seen it is, it has run down, dirty, unkept.   There is, there has no reason why it has to look like this     IMO.  Paint, picking up trash, mowing laws does not cost a whole lot.    You are right.  Get off your la y ass and do it and stop bitching about it then.
0.26666666666666666,you just saw the 4chan thread today faggot
0.3333333333333333,I personally think most of your comments are the garbage, but you are a troll, so i think it is, it has pretty normal, you cannot change your nature.
0.06666666666666667,FANS ARE SOOOO BLIND DUMB. refs handed game to spurs??? THUNDER MADE two more free throws than the spurs  19 to 17  AND SPURS STILL WON! shut it haters
0.26666666666666666,No.  God is not a doofus.  A self loathing failure of a human being like you is a doofus.  A pathetic, lonely doormat of a person with no social skills like you is a doofus.  A semi literate moron without even the most basic of writing skills who is clearly out of his league like you are is a doofus.  Shall I go on, Cupcake?  You are just too easy.
0.4,That cra y b*tch was Irish you idiot.
0.06666666666666667,Yankee fans pay no mind to RaysDad..He is, he has a troll and a true coward.
0.13333333333333333,Some one sounds jealous that their stupidly over priced piece of shit that looks like a brick does not have an operating system that sounds as yummy as it is advanced! I guarantee you any android phone out there that costs within $100 of any iPhone you have ever owned is more powerful and useful without a doubt. Everyone talks about the guy on bath salts that eats some hobos face but what about you isheep that are on bath salts?! your just as bad and just as ignorant!
0.13333333333333333,And you are another puppet of the Marxists spouting the same anticapitalist  fair share  nonsense as your forebears a century ago, with your ironic,  look how intellectual I am  granny glasses and poorly grown facial hair, whining about  Faux News  and the Koch bros, living in terror of long dead robber barons and the  corporate oligarchy  and rubbing one daily out to your well used copy of Norma Rae, then patting yourself on the back for being one of the  smart people  who  gets it .  Why do not you pack it in, hit the bricks, do not let the door hit you in the ass on the way out because nobody's buying your constant insults, effete superiority or tired leftist garbage here.  ...and you can jam that commie fist up your fudgehole for good measure.  Just try not to enjoy it too much.      Sorry to be so indelicate folks, I have had it with these lefty morons.  They do not even make a token effort at factual debate anymore, it is, it has nothing but  you are so stupid ,  you are a racist  and various assorted leftist cliches about  corporate overlords  and  fair share , etc.. that were tired and laughable to everyone but the densest of college freshmen 50 years ago.
0.4666666666666667,fuck ya news people saying aint got my lil girl dumb fuck's she is with us and them story's r two different story's dumb pussy's fuck all ya mother fuckers making us look bad and saying it wa  facebook bust no dumb fuck's it wa  a song that got us in this shit so fuck them two news cast people... get ya shit straight b4 ya post dumb mother fucker's .
0.26666666666666666,DUMB BITCH..!! DUMB BITCH..!! DUMB BITCH..!! DUMB BITCH..!!   What an oppa's slut you are..
0.26666666666666666,Yet here you are, posting. Hypocrite.
0.13333333333333333,If only YOUR mind was a couple of molecules less simple so you could be literate enough to spell a single simple word.....correctly!
0.2,Wow   you are truly an idiot. Just shut up.  You know nothing.
0.3333333333333333,Suck my dick
0.26666666666666666,You are so nieve.
0.3333333333333333,Oh your just so intelligent \ and quick with the quip that your reward\ \ you qualify to smell my ass
0.3333333333333333,I have a feeling you are even dumber than you sound.
0.3333333333333333,put your weak a   handle up first beetch
0.4,Hahahahahaha.....classic. Ever think we just come here to laugh at youassholes? Nope...I bet you do not. The only thing you are going to see in November is Obama's big bl ack dick hanging in your face for another four years. LOL......priceless...
0.4666666666666667,Things get too hot for me?  YOu mean when a pack of reactionary attack dogs write 3 6 deceitful, personal attacks on everything I posts there?  Naw  I just posted another comment, so you can respond with your routine, idiotic and deceitful  Flagged for smarmy content, and lies.   FYI, they do not seem to give a shit about your inane and immature knee jerk reactions.
0.2,YOU DON'T HAVE ANY FRIENDS DO YOU. TRY DICK IN /YOUR  MOUTH .COM....SOMEONE THERE WILL LIKE YOU
0.26666666666666666,you think people do not know LMAO! but what is, what has sad is you should be proud of who you are...why are you hiding that you are a lesbian?...that is, that has the real question.
0.4666666666666667,Still think you are a soulless, talentless hack
0.4,Caveman only a true idiot would put links to foxnews in their reply.  You also probably look in the mirror and tell yourself your good looking.  What a d bag.  Today as we celebrate that so many of our men and women have been killed in needless wars maybe you can take a minute to reflect on the part you played in their deaths.
0.3333333333333333,LOLOLOLOL. YOU SOUND LIKE AN IDIOT.
0.4666666666666667,are you fucking kidding me? you deserve to fucking rot
0.4666666666666667,you are the biggest idiot ive seen here and ive seen many. you need your medicine and as for your love affair with oddesa girl shes a man! for real a gay man!
0.3333333333333333,when you cry about a 1st place team you are doing everything wrong as a fan.. not saying you personally are the one doing the crying but if right now you are being a lil b!tch so you get huddled in with that crowd
0.06666666666666667,Back under your rock.
0.06666666666666667,heyhey!  Big Pine!  I was just thinking about a guys comment about how negativity is making people leave.  I thought  well, I have actually noticed more abundance in familiar names, and less random names.   I bet the same people are still reading articles, and just staying out of the feedback comments.  That sounds like a good thing to me.  Those people were probably leaving stupid feedback, and didnt like the reality of what people thought.  Also,  if  they were able to be chased out, they were probably only half a$$ interested, and frankly, those arent the kind of people I want leaving feedback for our genre.  Anyway, it is good to see you, and a bunch of good guys, out here.  :D Then there is you know who :D  Dumb as he is, at least he refuses to be run off.  I saw him leave a competent Spidey comment the other day, and got 10 votes for it.  Maybe he has potential.  Sadly :  I guess I have no choice but to see if he comes around...and no that was not a joke about his horny carl wack off profile.
0.4666666666666667,go drop dead with your tramp ass wife and your bastard kids.
0.2,LOLOLOLOL  Look at you. You are an old man and your only social life here. Oh,LOLOL  Pathetic.
0.13333333333333333,And so, Dummy Bob, is there a reasoned foundation for you post, that is , other than  nonsense
0.4666666666666667,sorry forgot the biggest cunt linker fuck u to cunt linker asss liking cunt
0.2,Are you high right now? no other explanation for your useless comments..
0.3333333333333333,Just another piss ant rambling ... he be!
0.26666666666666666,It is, it has either you are upset because you know you are gonna lose OR your PMSing o.o
0.2,dan amd  You have realy no clue on every single idiotic comment of all your posts.WE ALL DON'T enjoy your stupid PRO AMD B:U:L:L:S:H:I:T ignorance.Please crawl back then in the fat ass of your gay loving buddy charliedemerjian semiinaccurate and try to find the light inside   U stupid FAG!  WE REALY DON'T NEED AND WANT YOUR POST HERE ANYMORE!
0.13333333333333333,will someone throw Stuckey a scooby snack or a joint and shut this perv up.
0.13333333333333333,The first Rove  lie  is his opinion that the Obama immigration ukase is illegal. Now, I could prepare a thorough refutation of MM's ridiculous legal analysis. See, I actually understand these issues. I have dealt with more complex issues of agency enforcement discretion. I know what it is and what it is not.  And it is not this.   But that is, that has really beside the point, because anyone with a brain knows that Rove's opinion cannot even qualify as a lie. I really cannot believe you are this dumb. Or why I bother. Which I will now stop doing.
0.13333333333333333,You are one really thick ldiot.
0.4,bitches shut ur face!
0.2,@morcar , you are one deluded idiot, that has got to be the STUPIDEST comment i have ever heard! What a complete and utter plank you are!
0.4666666666666667,reading comprehension difficulties I see. Thats okay there are remedial classes you can take.
0.26666666666666666,you do not even know what  ionism is you ignorant fool.
0.2,Trolls all over the board.\ \  There is special place in he ll for those who dance of the graves of good men.\ \  Go share a beer with the terrorists, more your style, buddy.
0.26666666666666666,All of y'all sound like some lil bitches! Yee y this ...Yee y that...are they gonna...are they not gonna drop....man shut the fuck already. Every last one of y'all acting like some hypebeats. Pull your skirts down and your pants up and stop wettin yourself for a fuckin pair of shoes!
0.26666666666666666,DONT BREATH ON LEHUMBLE, YOU PIECE OF SHIT
0.13333333333333333,Bla, bla, bla.  Grow up little boy. You seem utterly clueless.
0.06666666666666667,Ive got news for you Mary  Ed little lord wimpleton please dont smack my legs again you big bullys the guy that kids steal sweets off Milliband  will never get the top job  so all your efforts here are wasted  go and preach to the converted  :
0.2,\ \ You are dumb as hell anyway. Look at all of your grammatical errors, it is, it has obvious that you are stupid! That is, that has like saying, 'Oh people do not murder people, I have lived around people all of my life. I have even grown up in the house with them. How could a person murder someone?' You stupid idiot, one person is not all persons just like one dog, or your two mutts for this matter, are not all dogs! Hate stupid, ignorant, uneducated, dumb fucks like yourself! UGh!
0.3333333333333333,You are an Obama dic suck er. Slurp, burp!! Yep, that is, that has you.
0.13333333333333333,YOU shut up Na i
0.4666666666666667,You are stuck on stupid with that comment.
0.3333333333333333,We are discussing insurance, not hospitals or doctors, you moron.\ \ I know you are a liberal, and as such have a very tenuous grip on reality, but come on man.
0.4666666666666667,sod foot ball all i see is sluts r us
0.06666666666666667,how many of yall would NOT be this way if you were one of the best in your field and all you ever got was people talking shit about you! Had he held up the fight last night, what would be said? they would be talking shit about him. I got way too many issues to deal with to worry about how cocky this dude is or if he should lose all of his money, cu  most of you broke paycheck to paycheck living muthafuckas WISH you had a 4th of his money.
0.2,I though that Mental Health would already have been a 'Core Part' of of health services. I suppose we'll have to read all about it on the FG website, just like the 5 point plan that he kept diverting people to during questioning prior to the election. Get lost Kenny. You are a disgrace to the teaching profession, and to the TD profession.
0.4666666666666667,You are a coiled up mass of hate and filth.
0.26666666666666666,HUH, DID YOU SAY YOU WERE A LIBERAL MORON?
0.4,Actually your version is completely full of shit.
0.26666666666666666,You are not impressing anyone. Just making a fool of yourself.
0.13333333333333333,Hey you idiot you forget that inflation helps WE who have debt. It is, it has a two edged sword. Real GDP may remain stagnant as NGDP rises, but you will gain wealth as your debt to equity improves in your favor. Do not act like you unerstand economics because you took an intro class your freshman year. Huff puff
0.3333333333333333,I am so proud of you females, not like the ones year! most prostitutes in the str, everywhere, even schools, maried anything goes. terrible people here in santarem, the police psp police, are rubbish, no security, they want me dead! yes I am from jhb   maria the molunga . tell everyone there .there is a officer   fucking alves his name, he is a pig, a women hater  promotes women violances. I HATE HIM  SAW HIM JUST NOW  these pigs do not allow me to log in unto my mail or anything, because these pigs want to win tonight
0.26666666666666666,Or do you just like watch fat bald men eat penises?
0.2,Your statement only shows how stupid you are.
0.13333333333333333,Can we see a picture of you? Are a stunning model? Doubt it very much. Your probably some fat troll sitting on their ass at their computer eating junk food.
0.2,Sure you would Sparky SURE you would.  Have a nice day you sniveling little coward.
0.06666666666666667,He is not black. You are  so stupid you can not understand that !  He is a racist ,you are a racist ,and both of you are losers !
0.4,When you are able to prove the existence of god, then you can come back and rant about evolution's failure to disprove god's existence.  Until then, you are just another ranting and mindless christer for whom nearly everything, especially sounds in the night, are frightening.
0.13333333333333333,Sen. Adam P. Ebbin  D Alexandria , Virginia 19s first openly gay state senator calls us normal people homophobic..all right gay boy...stickin up a mans butt is normal...I say you are a sick piece of garbage..
0.4,dicey   then you really are as grotesquely stupid as your comments suggest.   That is not possible.  M.
0.3333333333333333,Speaking of being inbred, how's your mother doing?
0.4,You are a disease.Hope you die soon.
0.26666666666666666,Hug it, you fat, bucktoothed, Frog!!!!
0.26666666666666666,Dana....you are such a stupid bimbo.  That made you the perfect Bush stooge and it makes you the perfect fox fake news news stooge.  But, I will, i shall give you this much....... nice ass .
0.3333333333333333,Take you meds, go lie down and die.
0.4,Get a life you whine like a little girl
0.13333333333333333,I bet you do not have the nerve to post your real name. And before you say  you do not either , I am not the one making Na i/KKK remarks. You are. SKANK!!!! And yes, I am a white guy.
0.3333333333333333,Dude, go take a Midol and go back to class, you are already demonstrating that your mind is rotten because of Tebowmania.
0.3333333333333333,JoeApe   did the room you grow up in have lead based paint on the walls or something?
0.3333333333333333,Do not worry you little empty head over it .......... Just go back to wiping your ass on your hula hoop.
0.13333333333333333,Some of Ya'll are dumb as fuck.... These are All Strategic moves by 50.!!!!! he got blacklisted in the game for multiple reasons 50 couldnt go around making amends with everybody but he knows people cant deny banks talent.. Banks Ain t stupid like game and buck was 50's cut from a different cloth not everybody can make moves on that level otherwise everybody would be doing it.. thats why buck and game both were begging  to be back in 50's company.. all the moves that made banks a star were all put in place by 50 everything he learned about business moves and the game came from 50 he took him 19 off the street corner and made him a star he would be a Dumb muth fuka to ever forget that... I could see branching out and doing your own thing but to turn your back on 50 would be a bad move.. banks isint that dumb or un loyal...
0.26666666666666666,Lana, you are so full of shit your eyes are brown.    No... they are green.  Like emeralds.  How did I never see that?  Lana, your eyes are ama ing.I mean, not compared to your tits, but...
0.4,You ain't lying let the @dbeeio61:disqus   nigga tell you we some mothafuckin heathens
0.13333333333333333,Looks like that little Cut n paste job has gotten a little dog eared.  Maybe its time for a fresh look at the facts.  Oh shit, I forgot facts are fungible in your world....
0.3333333333333333,You are full of hot air, just like Romney.
0.0,Please, go away la y lib.   Educate yourself them come back.  God I hate la y, uneducated, jealous libby losers.
0.3333333333333333,And you s***ing lots of dicks!
0.3333333333333333,You see, you are stupid.You will, you shall probably get shot next week or overdose like a dumb fat lipped monkey. How sad that I come from the Philippines and I am smarter than your ape ass. You people were much more useful as slaves.
0.26666666666666666,Are there no periods or commas on your keyboard, os is this how you were taught to structure a sentence?  Let me guess, you went to public school on the really small bus, did not you?
0.3333333333333333,You are such an incredibly ignorant piece of
0.06666666666666667,Yes, you are a Na i.  Any other questions?
0.4,You may not be a hypocrite but you are an idiot.
0.13333333333333333,Cher, you are such a loser, and an old one at that!
0.2,your comments are always gay, writing in all caps is gay, your picture is gay, you are a puss.   you can say whatever you want there is, there has a reason why the only person every liking your comments is yourself.
0.13333333333333333,hey whoever you are, do not have the guts even to come out with your real name. So your comments are useless garbage and people ignore them.
0.2,You are blind, deaf and dumb, now go back to bed.
0.26666666666666666,You are a dopey cnt. Pakistan is a complete waste of time. Like you smelly Indian fkers. Go back to your sh it hole of a country
0.13333333333333333,Why do not you and loweeell trade phone numbers so we do not have to read trash...how does one idiot top another...try to get it!
0.3333333333333333,Hey, Scrotorum, dislodge that teabag from your throat and swallow some truth   you are insane
0.06666666666666667,Exactly how often did your daddy r pe you? Weekly Hourly? You are the most depressingly buttf  ked piece of shite ever to vomit their halfassed moronic excuses for the English language on this site.  You think you are being clever, but your grasp of colloquialisms and sarcasm are hilariously pathetic. You are a fool. Your posts are puerile and you personally have no value.  Nobody here likes you. H ll, nobody here even  tolerates you . If these people could recogni e you on the street they would spit on you. My best guess is you are the result of unprotected buttsex between your mother and the family dog.  An abomination with no justifiable reason to exist.  Now do us all a huge favor and  go fuckyourself with a chainsaw ,  Sparky .  Slowly and painfully.  Let us all blow this pathetic troll  a big sticky sphincter kiss!!!   MMMMMMMWWWWWWAAAAAAAAAAAAAA!!!!!!!!!!!!!!!!!!!!!!!!!!     26 26 26 26 26 26 26./  /   26 26 26 26 26 26..,/ ../  26 26 26 26 26 26./ 26./  26 26 26 26./  /' 26'/        26 26 26./'/ 26/ 26./ 26 26./  \\  26 26.. '  26  26  26.   /' 26'   26 26 26\\ 26 26 26 26 26..' 26../  26 26.. 26\\ 26..... 26 26.  .    26 26 26 26\\ 26 26 26 26..   26 26 26 26..\\ 26 26 26 26.\\
0.26666666666666666,If this message board is so filled with  barking  and  silliness  then what by God is someone of your stature doing posting here ? Are you slumming for the lord ? You are certainly not upholding a position of superior intellect. You certainly are not acting like a  priest  or a  saint . More like Lucifer stirring up the s%#t. A smell that becomes you and your kind.
0.3333333333333333,Too bad your liberal education failed you....you are a product of the liberal moocher society.
0.2,Dictatorship, I think you will, you shall find, is the preserve of the left. You know, Hitler, Mao, Fidel, Mussolini, Pol Pot, Franco, Stalin....  If you think the idiots on this blog who are calling for a dictatorship are right wing, then you are just as stupid as they are.
0.4666666666666667,Your moral compass is stuck on idiot. Just saying, lol
0.26666666666666666,Q: Why do not you go out there and do it if it is, it has so easy? Make some money while you are at it?  A: Because it is, it has not that fucking simple!
0.2,LUL  do some research on Nike some time..   you are a moron.
0.26666666666666666,You are about as useful as a used tampon, but not as smart.
0.4,With your sick obsession and your mind on nothing else but your c ock and whose ass you are going to put it into next, you cannot understand anything.
0.06666666666666667,Go study up on econ 101 and get back to us when you know what the H#LL you are talking about
0.2,I thinks you sounds lika real stoopid mofo, iffen I was to sees you hangin ona corner I would be wantin to hurt you real bad.
0.2,Is not it fun to try and cover up evil, you bastard!
0.26666666666666666,but you are an axleslime obama flea just puke garbage like obama does
0.4,You should talk...you ARE a stalker and so is your dental receptionist loser girlfriend! \tTwo ugly yucks.
0.2,How is being anti pedophile and supporting the right of a parent to defend their child out of touch with the majority of the world?  I think maybe your circle of friends are all pedos and it is, it has you who is out of touch.  Get some non pedo friends and you will, you shall see.
0.4,suck my dick suck my dick suck my dick. go to hell. faggot.
0.4,Talk about a stupid comment... You dont know where to start? Start somewhere, anywhere... My mother opened a pharmacy in 90 days at age 64 18 months ago... Ooooo the Obama boogeyman made it soooooo hard. You are a whiny little pion.
0.26666666666666666,That is, that has because you are a moron. So your analysis is that the mother of the victim is the  real jerk ? Moron.
0.06666666666666667,we have been sinking under Krugmans and his ilk's platforms, for 45 YEARS... What proof do you need? Nobel pri e?lol They also gave the  peace  pri e to Obama who has now committed us to more wars then BUSH! The credit down grade happened because of our DEFICIT you TARD! Get your facts str8! racist baiting is old and tired.  The libs are the racists thinking that the judiciary has the power to grant minorities of color their freedom, when they get freedom from their CREATOR! You are a loon, a big racist libtard loon.
0.4666666666666667,The easy part about Walker pissing me off is he arbitrily takes away a bargained for right. Then sits back while people like you, who know nothing about unions, do his dirty work for him. Why  enjoy being a pawn?
0.3333333333333333,Another inferior leftist with no substance. Is that all you got?.... the car thief? ....sure sign you are losing. But then again inferior, leftists like you never address the facts of the issue....that is, that has why you are inferior.
0.3333333333333333,Hey right wing moron  NOamnestyEVER , you should hang yourself after you kiss a Muslim like your war criminal hero Bush.
0.06666666666666667,Is that why Obama has borrowed more money as president in 3 years than any other sitting president in US history?  You are delusional.
0.2,Did not condem that did you? But yet you cry like a girl because your master was interrupted.  Loser
0.4,I did not donate, but each time you say this same stupid thing I am even more convinced you are a /\\/!qq3r racist faggot dick sucker !
0.0,and I thought Dem's put up their presidential kneepad after Clinton left town.......  Guess not....so tell us.....u spit or swallow?
0.4666666666666667,@Fuck:disqus you CNN. Censor my @ass:disqus a little more, please.
0.0,dude ass.... den wen he came to 106 wit that lame ass song, he was even asser...... how u get a neptune beat and yo flow all fucked up...... nowadays i guess ranting on twitter a get nigga  to listen to u but u still want get no bu   cu  u ass...... den this nigga was on 106 lookin lik Hawaiian soffy jay  .. lik dat one dude said, he must not heard ab soul and school boy q cu  they way hotter den him....
0.26666666666666666,Then why do you continue to watch it if you are only going to cry like a little bi*ch afterwards? Answer: You are a pathetic momma's boy whose crying for attention.
0.2,He did not do anything to take away guns, even from buffoons like you!
0.26666666666666666,Go back to your nerd table. Better yet, a shallow ditch would suit you fine
0.2,I have no fu cking problem tell a dumba cking day to rant about how stupid your as s is.
0.13333333333333333,You are a poor excuse for a human and one of the reasons our country is going down the toilet!!!!!
0.13333333333333333,Garbage overload. Stop it, Peasemold, you are confusing yourself! I never heard so much old s**t in my life.
0.2,YOU'RE ALL LOSERS F YALL
0.4,you are a frightened infant who never saw combat. What a young little punk!
0.2,I am so tired of some people cramming their religion into other people's faces and being so noisy about it. I thought you were supposed to pray in closets. The first commandment should have been  Do not be a dick.
0.3333333333333333,You are an idiot. Romney is not going to give someone making 20k at 60% tax rate.
0.4666666666666667,No, people have a right to speak, no matter how stupid they are.
0.2,HAHAHAHAHAHAHAHAH, HE IS A LOSER!
0.2,kingfisher192 ...........come on, name the lies!\ \  You tool, you never even heard the man's words.\ \  You are just doing what little abused trolls do.....follow orders.........good little slave trollbitch!
0.26666666666666666,yeah you pussy with your team jordan track jacket on...weak ass lightskin nigga
0.2,dan amd  You have realy no clue on every single idiotic comment of all your posts.WE ALL DON'T enjoy your stupid PRO AMD B:U:L:L:S:H:I:T ignorance.Please crawl back then in the fat ass of your gay loving buddy charliedemerjian semiinaccurate and try to find the light inside   U stupid FAG!  WE REALY DON'T NEED AND WANT YOUR POST HERE ANYMORE!
0.4,This is a scam. And the loser that made the video was caught masturbating in public. You are all so stupid.
0.2,Another dumb comment. Put America first before your idiotic views
0.2,Go use google simpleton, that is, that has how the word is spelled.  You dense democrat!
0.2,Obviously the comic books you read have done you no good. I bet if your keyboard looked like crayons you had, you would almost sound intaligent.
0.13333333333333333,Give up jamal jrk off, I would never possibly waste time trying to communicate with an extraordinarily juvenile 49 year old, lightly educated  racist. You are probably some angry house bound loser sitting there with your stupid, bigoted comments, lashing out at the Black people whom you know to be your superiors. You really could not be more pathetic.
0.26666666666666666,Leave your email or phone number and maybe you 2 twits can meet up and beat each other up.  tough guy talk online is cheap. go ahead and man up midnight train and do the real thing. dont be an internet pussy! fight him in a ring. dont talk shit DO IT!
