0.0,Agree with Alan you are an extremest idiot.   You are not American, we native americans are, you are an alien
0.0,To engage in an intelligent debate with you is like debating to a retarded person.  It is, it has useless.  It looks like you are bent on disregarding the efforts of the government.
0.0,i live with my dad asshole!!! i anal fuked the shit out of you r mom and your sisters, and made them cry in the process.
0.0,You really think shes speaking spanish? You are a fool are not you?
0.0,Hey race baiter take a hike you are a typical idiot
0.0,go away you trashy  tramp
0.0,Hug a tree FAAAAAAGGGGGGGGGGGGGG!!!!   Folks like you make REAL Men look like, well, Real Men....you are a little sissy girly man who is, right now, twirling in his pretty little tu tu, sending kisses to all the other little fairies out there....Man Up you little p*ssy!  Just sayin' queer!
0.0,ha ha ha!  Back in your dirty Russian hole, comrade troll!
0.0,isalill are you fucking Norwegian cow face? Fuck norway bitch. Moo moo.
0.0,stretch her ass open mah nigguh spit in her asshole and put ya dick deep in it give her an ANAL INFECTION BRUH!!!
3.728115844350273e-188,You are all a bunch of wankers for not going, i had, i would give my left nut to go to this show. Do not tell me it costs too much or some other show is on the night before or, worst of all, it is, it has not interesting enough. If you are not going to one of these shows you are not into metal and you are a gay piece of shit. Fuck you!  Death to all tour   please come to Australia!!!
0.0,I am sure she looks better than the sloppy out of shape bitch you call your girl.
0.0,Your a moron. Go snuggle yourself in potted meat.
0.0,Because the are pri  cks like you.
0.0,You are intentionally ignorant Dragon.
0.0,First of all idiot if someone whipped my @$$ they would not be alive today nore will I go on a reality show and talk about it...if Memphi  did k Michelle so wrong than why is she still talking about it...if someone hurt me I would not even mention their name because that is, that has how upset ill be with them.....judging by your repost to my comment I take it that you are a bitter ex girlfriend who probably got your head popped off by your ex boyfriend....stupid moron h@ting on.Toya's and Memphi  like that....go join k Michelle on the jealous train....tutu!!!!
0.0,Tell the veterans who did serve and prefer Romney to  go fuck themselves , why do not you? Oh wait, leftists  have been doing that for 40 years already.
0.0,Bigger than the Chicago Tribune and the Boston Globe?  Are you HIGH????   I have never even SEEN the daily caller, but I have bought the Tribune and read the Globe.  What else you got?  And by the way, your blog is not legitimate.  It is, it has a fucking blog.  A website.  I do not think that truly qualifies, no offense Raw.  But even YOU guys do not really count and you know it.  IF they do not want to give them a press pass there really is not much that they can do to force the White House's hand.  If they give them a pass it is, it has because they do not feel threatened and WANT him to keep up the bullshit to SHOW the country just what these people's true colors are.  Obama and pals ARE NOT playing the race card and never have, no matter how many times the right wing assholes keep repeating that bullshit.  But these people keep painting themselves into a corner of backwards assed white power racist uncivili ed and uninspiring troglodytes.
0.0,I think Dirty Harry said it best. You are nothing but dog shit to me. Alot of things can happen to dog shit. It can be stepped on or dry up and blow away into the wind. So Russell, just beware of where the dog shits you.
0.0,These terrorist hiding behind masks are no more than the new Na is. I would tell all good Americans should review the film  Inglorious Bastards . And for you pussy's hiding behind your masks, I am Cossack, they make a good target. You should also know that your masks have labled you the enemy. Your age and gender no longer matters. That goes for your females and kids. Dumb Bastards
0.0,You are defending that racist Killerman who acted as judge and jury.   You suck at his.   Go fuck yourself.
0.0,On the real shut the fuck up, because you do not even know all the details yet you claim to use logic. How the fuck you gonna use logic, when you do not even know the details. Tell me  what city dudes mom father died in? Oh you cannot, because you do not know.  As for your  mistaken  supernatural events why do not you share some since you seem to make mistakes using your judgement occasionally.
0.0,Satriani? Vai? Adam Jones? Petrucci? Wylde? Buckethead? Hey Rolling Stone how about you guys stop trying to involve yourselves in leftest politics and weak trendy fashion and get back to what you are suppose to do, MUSIC. Another fine example of your piss poor rag of a maga ine coming up with another irrelevant list of dribble. The guy from Radiohead? Kurt Cobain? Thurston Moore? The Police Guy? Joni Mitchell? Are you guys retarded or just this lame? What type of criteria do you guys use for this shit? Does holding a guitar once in my life qualify me for your top 100? Morons.
0.0,You are an idiot.  You give real conservatives a bad name.  Of course, YOU'D give a saint a bad name.  You are an example of the people we can do without.
0.0,You are a loser.  Always whining about the ownership.  It is not society's fault you still live in your momma's basement and you are overweight.
0.0,is this the first aakar patel article you read? there is a clear pro pakistan anti india angle and bias in all of his writing ever, and if you cannot notice that you are a dumb brainless IQ less idiot. if you do not know about it, then you are an unaware uneducated loudmouth who needs to collect some facts first.  tyroinfin ie ... italian scum
0.0,Malia, go take an intelligence test so you can see, in black and white, how room temp you are. Then get rid of the dog. Now if for any reason you cannot do these two things then start spelling your name the right way.. I D I O T.
0.0,I am a little fed up with you also. I usually just ignore your childish petulant posts.  You don 19t add much to the discussion any more.
0.0,look, douchey,  how about i holster my cock in your mouth  hmmmmm?  like i said,  FOX NEWS is number one for a reason.. deal with it  and im sure the closer we get to november more and more people will see how much this dickwad in chief has been fucking up this great country.  Nothing I  say is going to sink in your thick bubble head.  If its not comming from the left, then your libtard brain says its lies... so you are helpless
0.0,@imjustsaying....: you got that right afro american negro & we do not have respect for negro's who is still a  PU CEE  to the clans from the south, so they make up an excuse to destroy one another & cannot face the klans to get revenge.
0.0,What people are sick of is asstards like you. Self deport, mofo!
0.0,Look who is, who has calling the kettle black!  Egyptian soldiers have killed some.  Shaken down many others, Sinai Arabs have raped women, shaken them down, and even held some for ransom.  And you dare to impugn Israel?  You hypocritical bastard!
0.0,hey carles..hows this sound..fuck off about grimes..shes my fucking girlfriend..and your fucking annoying.. i fucking love her..and your a dick
0.0,obj fuck u.......
0.0,QUE POCA MOTHER DE MILENIO NOTICIAS, SON UN FRAUDE JUNTO CON PE A NIETO, LA VERDAD QUE USTEDES UNDEN A EL P IS, TODO POR EL PUTO DINERO DE MIERDA, QUE BAJO HAS CAIDO MILENIO....FUCK YOU
0.0,Let me see maybe it was a deep cut and his doctor told him not to fight.Normal Person28 I told you before that the doctor was against it,and you still ask the same STUPID Question .Please just learn how to read it helps
0.0,You know, of course, that you are just another  mac douche , right?
0.0,This guy is just bitching for the sake of bitching. You know how I know? I used to be the same way when I was a miserable piece of shit. I can spot it from a mile away. If I gave a shit what my favorite bands wore, then I would not have any favorite bands. Green Day has outlasted any punk rock band in history as far as reinventing and maintaining huge success.
0.0,fuck you faggot go suck your beho panot abnoy's small chinese dick  if anything's left, i heard it was shot off during the coup leaving abnoy with only one ball haha buti nga si panot
0.0,parker had more points, assists, rebounds then westbrook despite taking less shots. How did Westbrook do a terrific job on parker? lol                    Thunder fans are not very bright
0.0,Because too many idiots sue to make money.
0.0,\ \ do not forget the wh0re that is your mother, and the c um depository that is your wife
0.0,Seriously dude, fuck you. I am catching up on the episodes I missed and now you have ruined the next one for me. Think before posting on the review of the PREVIOUS EPISODE next time. Asshole
0.0,start your congressional white caucus and stop crying like a beeeeoch about it.
0.0,dumbing down gop, dumbing down gop, dumbing down gop. You have been repeating this every three minutes for hours now. Do you think repeating it over and over for hours on end makes you seem smart?Makes me think someone dumbed you down, but good.
0.0,Dont you have a cross burning to go to?
0.0,Do not sell yourself short, Wayne. You are a crappy actor and a pathological liar.
0.0,it is, it has spelled basement you idiot
0.0,fact: never text a person ever. it will just confirm that you are a big time piece of shit and nobody wants anything to do with you.
0.0,you seem to be one of those turd minions I see when I have been playing Diablo
0.0,did you mean ' I am a retarded fuck  wrong'? I think you did, now you look like a huge fucking tool
0.0,jimbo here think Americans are a bunch of suckers, to follow for the same deception twice in a row.  what a joker
0.0,Sir you are an idiot you clearly do not anything about corporate law either in the US or here. No chairman can fire a director that has been elected by the share holders. Only share holders can dismiss directors.    As regard News Corp you idiot   Murdoch only holds 20% of the stock. So it would not be to hard for the share holders to vote him off moron.  Do you actually have an MBA or degree in economics   if not stop making stupid posts.
0.0,Um...in short...you are an idiot. Period.
0.0,Ha ha fuck u Wenger, fuck u Gooners.
0.0,Dam n but you are stupid.
0.0,You are a moron @Kenny
0.0,At least I pay taxes. Regrettably to keep bludgers like you.  My game Ford? I am a rich prick, made my dough by hard work. You should try it sometime.
0.0,ahah UR FUCKIN RETARDED FOR BELIVEING IT  WHO EVER BELIEVES IT IS FUCKING RETARDED AS FUCKKKKKKKKKKKK
0.0,Hey moron  soonanTX , I hope you wore your favorite Tin Foil Hat when you typed your comment.
0.0,Gay. Douch'e turd fuck.
0.0,the retina display one comes with SSD only big fat liar
0.0,Hey fucko, I tried Snafu parts when they just came out,Their tires like the Rimjob and the fat seat they had at the time were fucking horrible.I have not brought a product since,Word has it Snafu has not improved hardly a bit since then.So fuck Snafu and Jerry Bagley.
0.0,FUCK U ASSHOLE    START COUNTING YOUR DAYS ASSHOLE, CAUSE SOON U ARE GONNA END UP ON THE DINNER TABLE TOO!   YOUR DAYS ARE  NUMBERED   EXACTLY 365 DAYS IS WHAT YOU GOT TOO LIVE U MOTHERFUCKER..  GOD IS WATCHING YOU ALWAYS AND U WILL REGRET IT AND HE'S WATCHING YOU AND YOUR LIFE S GONNA BECOME SO MISERABLE!  DIE IN HELL U FUCKING DEMON
0.0,I love your un originality. ^.^
0.0,nah but im sure he fucked your mom
0.0,stupid communist silly billy, the only real thing you know about duck & cover is when you are  giving up your silly faggot ass to comrade obo o and his communist merry men!
0.0,wow what a shock the douche bag and the pig hated something others like because they are just to simple to understand things. what dumb fucks why do you morons defend this retard and his pig brother when they are obviously to stupid to look past just the images on the screen and read the subtext and nuances in movies. for fucks sake people quit being sheep and think for yourselves
0.0,I really want to slap this fat fuck   right in his face... WTF is wrong with you wingers? I cannot wrap my head around it   Sweet Jesus, we gave you guys 8 years to run the country, and ya fucked it up, royally....Now, you want to lay the blame on us? What in the hell? Palin? Romney? Are you fucking serious? It boggles my mind.
0.0,It is, it has Trayvon, you moron.  If you are going to trash talk a dead kid, at least have the class to get his name right.  Not that it matters to you.
0.0,@KottiKaDottiisthenameofGod:disqus That is, that has what I find funny.. how people think that because I believe in God, that means that I am supposed to just stand there and take whatever people hand to me. No, I am not out indulging in petty arguments or living ANY kind way.  If something were to come my way, it would be because they are LOOKING to cause me harm. My Bible tells me to protect my annointing with my life. =  That is, that has why I feel comfortable calling you Uncle Tom. You are the  negro  who acts and thinks just as white folks would have you to.  They used the Christian faith to make brothers and sisters submit... What people DON'T mention is that THAT is why they did not want slaves learning to read and write. They might've read that Word and couped!  It did not happen because God has much BIGGER plans for people who have misused His teachings.
5.672057491934634e-88,What the fuck hahahahahahahahahahahaha. Go shoot yourself in the head or go jump off a cliff. HAHAHAHAHAHAHA you fucking piece of shit hahahaha.
0.0,bitch stfu u prolly smash anything walkin... lame ass internet thug
0.0,hey bete u sounds like gay.u fucking faggot.shut the fuck up u ghetto ass. idk if u are Ethiopia  or nor but thats how it works in ethiopia,
0.0,Wow no kidding? Thats why its MY opinion Monica you stupid female. Add you to the moron list.
0.0,\ \ It must suck to be so stupid.\ \  Mindless, though controlled libturd sheeple.\ \
0.0,No, building much better automobiles. Your pathetic bmw is not the best at anything while Audi and Mercedes Ben  have some qualities to boast. That s why I call  bmw fans like you absolute idiots.
0.0,Dip shit, W followed Clintons left wing standard.You HYPOCRITES crack me up your so transparent.
0.0,you lie all the time about fucking gwen stafni and make fake questions on formspring to yourself about it right? yea your a loser /// liar.
1.711791503901152e-290,I am a liberal moron. I smell cause I do not bathe as Media Matters pays my meager check. I slept in some Occupy Wall Street tent doing coke and getting porked by michael moore. I am a drone and live in my mother's basement. My only out is posting stupidSHIT here on fox news  I have learned Cut & Paste as my poor logic tells my inbred brain that in doing so, I will CONVINCE all conservatives to REALLY see things my way and follow my lead. I own an obama picture that hangs over my bed. I also own and sleep with my very own inflatable obama doll which I hug & squee e and love a long time
0.0,GO FUCKING HOME NEWBEE. WATCH WHAT YOUR KIDS DO ON THE NET YOU USELESS TURD.
0.0,To all the idiots in Detroit who bashed me for saying verlander sucks, go get an education because I did not say that in any form but you attacked me for saying that...is the bad economy making you mad? Lol
0.0,You ain't a physician.  You are a physical idiot.
0.0,Look at your name. Of course you do not think Rondo was under him. You are butt hurt by the butt fucking they just gave to your team.
0.0,You parade your ignorance like it was a crown for all to see, a most pathetic puke you are, America Hater!!!
0.0,Tolerance? For dictators? I never said such a thing, and I never would. You bring shame upon yourself making excuses for tyrants and murderers.
0.0,Those engineers are for mobile processors... as in for iPhones...
0.0,See three other people wih IQ's lower then you clicked like on your comment!  Congrats!  You are not the dumbest one on the blog!!
0.0,You are a complete jackass to blame the Mayor.   Get a life!!!!!!!!!!
0.0,You are not ready for this show and you new this before you started you a punk and do talk BS behind ppl back get courage up let the black side come out
0.0,retired soldier\ \ I remember the time when being gay was considered to be a mental illness. In the military we used to throw you creteis in the slammer...ah those were the days.\ \
0.0,Would someone who regurgitates and parrots the sheep line from the tape recording really understand?
0.0,I will, i shall try not to miss this!  And fuck you title  a0  a0
0.0,your all talk  if you saw a black man in the street your pale ass would run the other way. you stupid racist bastard.
0.0,Get your facts straight idiot, 70% of crim is NOT committed by black people, what a buffoon!
0.0,OH SHUT THE FUCK UP YOU CRY BABY BITCH! GO CRY A FUCKING RIVER AND TELL ON ME SOME MORE TO THE ADMIN! REAL MATURE WAY OF HANDLING THINGS CRY BABY!
0.0,YOU ARE ALL A BUNCH OF DUMB FAGOT TINFOIL HAT WEARING ASS LICKING COCK SUCKING MAN TITS FONDLING PUBLORDS
2.153731754555539e-38,1cF**k you man. Who do you think you are you poor c**t. F**k you, f**k your mother, f**k your father, f**k your wife, your children and your life. You are f**kall P***face.... Go f**k your hand. 1d F  k your dogs
0.0,This kinda fucked up thinking is why you need a civics lesson... you have no understanding of simplest concepts of democracy.
0.0,The only language you understand would have to penetrate the walls of your rectum and vibrate your eardrums.
0.0,so u a real bitch can u take dis real polish hotdog i got for u
0.0,You seem desperate and psychotic.. go away.
0.0,@Beat xx  AND YOU DESERVE TO DIE
0.0,You are such an asshole it is not even funny anymore. You must be one of those people that is near impossible to be around and who corrects people when they say  less  instead of  fewer.   People like you never make it very far, regardless of how great you think you are, because you are impossible to work with and a complete snob that everybody tends to dislike.
0.0,Let me guess, your a UGLY FAT ASS WELFARE COLLECTING CAUCASIAN, correct ?
0.0,You blowing someone 100 times does not make you a better c0ck sucker than if you blow someone 10 times ..... bottom line you just blow
0.0,stick that up your ass fruit cake. You get no tolerance and you get no special rights. We are not required to give you jackshit. I am sorry I used the sh t word. I know that gets you excited like a fart does...the homo mating call.
0.0,Try training for a job that makes you too important to treat like that. Hamburger flippers are a dime a do en.
0.0,Funnyjunk are a bunch of assholes.
0.0,make your own sammitch bytch and I do not need porn I got your fat mamma for that
0.0,Mayne, SHUT the F*CK up, HOES.....You hatin heffas are just mad that JONESY can see her cooch and does not have to use a mirror tied to her foot to see how to wash the mothaf*cka!!!! You fat, ugly, STANK, Weave wearin' BYTCHES are a GOT damn mess!!! Now do not get me wrong, Jonesy needs a better stylist for her shyt too, but she STILL looks better than the majority of you wack a$$ed FAT hoes on here......
0.0,Only an unaccomplished unemployed bed wetter who lives with his mom would boast about how many disallowed posts he made. A real over achiever, is not he? It is, it has very telling. \ \ FFS, he is, he has so excited he p\ \ ssed his pants...that is, if he WORE pants.
0.0,\ \ I think you are a chicken fucking moron.
0.0,You do not even have the file, this is a fucking scam. I piss on your vip member, god damn rice eater.
0.0,@fresh2deff @Trey YOU are the idiot fresh 2 deff and probably a friend of Treys since you never posted here before this. Storm and everyone else who is offended by this inhuman loser are regular posters. So you can come here and Tell us how to think? Your the real loser along with Chris and Trey.
0.0,@Yin erinKT  @Guinning Your mother's a whore Trebec.
0.0,Nope nope nope. You betcha has never lynched anyone. Are you really this dumb?
0.0,You know that sound you hear thumping in your chest? No? Right  that is, that has because you are clearly heartless. You are more vile than those you are gloating over.
0.0,Her fucking trap should be sewn shut with a very stout thread this POS barbara espinosa.
0.0,I do not think anyone deserves a second chance when it comes to squandering taxpayers money.  That is, that has tantamount to treason in my mind because you are betraying the countr you are supposed to have deicated your life to  Once someone has acted in a corrupt manner, I believe it is all to easy to repeat that behaviour. My opinion though, we'll see if Cele's licked  uma's a$$ enough over the years
0.0,to dummy scummy adam caith  stop twisting history, you despicable fool. you are soon choking with your own lies.
0.0,you are a simpleton. lawl &nbsp
0.0,May I assume,  trutxn , that you are a revenge hungry simpleton, and that my comment caused you some discomfort?
0.0,57 states Corpesman Polish Death Camps  I am telling you this guy is a blithering idiot, if he were not such a narcissistic creep, he would know things.
0.0,Jimmy you are full of crap. You did set up Jessica why do not you just admit it. You should get fired too just like JLo and Steven Tyler. I hope you get what is coming to you  you dirty old fart.
0.0,fuck you matt hatfill fat bitch nigga
0.0,Aas opposed to an EUloon mentalcase like you, sob?
0.0,How the heck did you survive from your mother's abortion?
0.0,....and you are a faggot who sits at home, watches his clip and feels the need to feel important...CONGRATS
0.0,have another bottle of Ripple and go back to your drunken slumber.
0.0,You are a complete idiot! How dare you make such a disrespectful comment toward someone who has died. What is so funny about it? Do you really get off by making these childish and hateful remarks?
0.0,You are not very bright are you?
0.0,you seem to be the one with the  rage  there grandad.Jesus why dont you chill out for once,maybe you really are too old to be on here.   RJ SADLER has A 2ND account as DOC MADDEN  He is, he has also nearly 50yrs old ..so be careful kids!!
0.0,hehe you are a dumb@ss.
0.0,Why would Diplo sign such a terrible rapper??? This Orion chick is really bad too. Next time you walk down your street, stop the nearest person and ask them to spit 5 bars. 9 times out of 10, you will have found someone better than Riff Raff. Guaranteed.   ebra stripped glove??? What is he? Some sad cross between a Micheal Jackson and a LMFAO wanna be? I hope some one shoots him before he starts polluting the world with kids as retarded as he. Oh, I am Sorry! That is, that has an insult to retarded people.
0.0,Oh,  please quit.  You are scaring me!  C'mon sissy boy,  you know your boyfriend will not let you come out in the desert to play.  You would not know what to do in the desert anyway.  If you have not got your bf's schlong to suck on,  you would not know what to do.  You just keep on sukin' and sit'n behind the keyboard talkin' shit.  That is, that has all you liberal fags are good for!  heh, heh!
0.0,This skinny little faggot as Commander In Chief....you have got to be kidding.......he would not last 5 minutes at Parris Island.
0.0,Id be more embarrassed if I was a  ombie voting pole climber that was unable to think for myself with the personality of a cabbage. A bit like you really.
0.0,he meant the kid passing his dad the ball without looking, you cynical bastard!
0.0,agreed   same can be said for you...whore
0.0,Thanks for explaining Professor Knucklefuck
0.0,Hey, Jimmy: go fuck yourself.
0.0,Rightasshole. That\\'s why all those people were ki//ed. Because of your  calming  effect. P i ss on obama.
0.0,Asta luego ayi deje unas hijas de puta radrando como perras qu  son a chingar su madres y clone m tete un bala o puto no tienes vida. Saludos desde Texas fuck you hating ass fags 18 wheeler driver out here!!!!!
0.0,Hey moron  JOBS ONE , the Hispanics already know that this does not provide a pathway to citi enship.     How long do you think it is, it has going to take for you to figure that out???
0.0,You are a drone     Go back to your complaining and hating   dung beetle.
2.08e-322,just reading back over you old comments and i am finding it very hard to find even ONE where your not being a total prick to people. YOU ANGRY OLD MAN!!    RJ sadler has another account as DOC MADDEN  he is, he has also nearly 50yrs old so be careful kids.
0.0,\ \ Now when you jerk off to his picture, you do not have to worry about doing prison time.
5.306736253401589e-168,Ol girl in the purple would get it with her fat ass, lookin at her wooble that ass made my dick hard. I am jus sayin...
0.0,@nealcity  Are you employed?  By whom?  You are talents are wasted at whatever you do, I am sure of it.   lul
0.0,Pfuck you, Media Matters troll.
0.0,Nice attitude, you disgusting bigot.
0.0,And what b l  a c k   ock just slapped your fat a  , Cowgirl  ?
0.0,Doubtful. I am 5'11'' 175 and very well trained.\ You are merely a pathetic c0ward
0.0,Where you see anaything I said about reppin base anything? bitch ass nigga
0.0,BettyLou, Get your head out of the sand and begin acting sensibly, like liberals.
0.0,this is wat u call a skank ass trick ass jumpski ie u aitn shit but sum stank pussy and u make my black queens look bad kill yo self ho 4 da love of fame bitch u sellin yo soul and yo pussy grow da fuck up and b a fuckin mother das y ya stupid ass gotta child as it is cus u cant put ya ran thru pussy away and be a fuckin role model 4 da youth. damn grow da fuck up skanks of da world
0.0,dude fuck whatever u are on its made you completly retarded your mama was what was stale
0.0,Here is my jock strap... I will, i shall hike it, you suck it douchebag.
0.0,Inflamer!!! you need a f cking bullet in your stupid head, and i will be only toooo glad to oblige   free of cahrge of course you big moutn racst idiot
0.0,You finally came down from your jungle tree.
0.0,racist?? haha am i bringing down anyone's race?? im not even mentioning any lol.. dont make any random excuses dude if you cant say anything.. just fuck your mother's pussy out its much better ahaha
0.0,Are you really and idiot twisted pathetic illiterate redneck or just plain simple  mentally disturbed and delusional?  You are gonna have some surprises in the  near  future. Be prepared to what will happen.....in  your  country.  You really think Romney is different!! ahahahah  no problem, there are people who believe in Santa, some believe in the Easter Bunny....ahahah
0.0,This  PEYOTE IS FREE!  moron posts in every weed related thread. You are not going to tell us where you harvest your yeild,  not that I blame you  so why do not you just shut the fuck up and go eat some of it, idiot.
0.0,That is, that has the Teabaggers who are creating the  police state , fucktard.   You lose....yet again.
0.0,No, I think wimmin talking about treating looking as wolf whistling  see related articles  and  being wolf whistled is as hurtful as being groped, slapped  and of treating all  sexual violence  on a par is thretenening half the population's liberty.  But what would a feminist understand about human rights or justice?!
0.0,Excuses are like as$holes and you should go suck a fart out of one.
0.0,This is what happens when local news channels, KSL, KUTV, KTVX, KSTU reveal the local's best fishing places. Advertise our wonders, our marvels. It is, it has all money driven. Capitalism at its finest.   Unless you are very wealthy, you are an ignorant fool to vote for RICH politicians at election time.
0.0,Thank you for whining and not having enough intelligence to go elsewhere for your news if you do not like CNN.  Oh wait, I really do not think anyone should thank you for being clueless and annoying.
0.0,You are free to leave whenever you like tinkerbell. Maybe the Kossacks or HuffnPuff is more your style. Why do not you go over there and complain about their lack of balance?
0.0,More crapple stuff for the fanboys to jurk off to in their mom's basement.
0.0,Mr Moron why dont we place your desk and you on the moon    obviously you are already braindead and will not suffer for the lack of oxygen   What planet are you living on dunderhead?  This man Obscumbo is no doubt the stupidest man to ever sit in the oval office   legally or in his case illegally. A sheer bonehead and you are absolutely correct, the government is moving in the wrong direction!! Are you starting to accept and acknowledge responsibility for your pathetic fiscal insanity over the last 3.5 years Mr Bonehead In chief?
0.0,Take five minutes to do your own research.
0.0,Baseless insults is all you have to offer. And you wonder why the Liberals lost the House in 2010 and will lose the Presidency in 2012. Extreme comments like yours may inflate your fragile ego, but they only alienate independents. Keep it up. People like you are 0bama's biggest weakness.
0.0,You seem very unintelligent...
0.0,holy fuck, does it hurt to be that stupid? fucking hardcore retard.
0.0,FOUR MINUTES?  CHIMPING OUT AGAIN.  HE WAS SHOT IN THE ONE MINUTE RANGE FROM WHEN GEORGE HUNG UP.  PROVE IT THUG
0.0,You would know alot about rolls, fat boy
0.0,haha it was all fun and games and checkin out nice cars all you people saying street racing was going on is blind and your a loser computer junkie get a life live a little if your not doing anything wrong your not doing anything at all L O S E R S get a life drive your civic to the library where u L O S E R S meet to do your reading hahahaha
0.0,Hold it, a woman is a man without an erection?\ \  And you are saying women like anal sex? Do you mean to say that you are trying to have sex with only transexuals and transvestites is that what you are looking for?  I bet you a fuckin homo asss tranny for sure!  tryin to stalk me.  Bitch Imaputit, truly I am a smack you so hard your teeth fly out then tie you to the back of my car and go on a long stroll through the hood .   I am pretty sure this article concerns earth bound humans. I do not know what species you are referring to in your comment.
0.0,They certainly can reproduce, they are not sterile you idiot.\ \
0.0,It is, it has easy for cowards to be internet thugs and post stupid stuff about an opinion. That is, that has all I will, i shall say about your ignorant post! Seek knowledge and you shall find it someday!
0.0,He will never be ashamed. Lefties are amoral so they have no shame. They think patriotism is quaint and soldiers are tools.  Wonder where these assholes would be if it were not for those they hate so much.
0.0,Audrey, your idiocy about  Israel's strategy,  is simply your idiocy.  Of course Israel is appalled by the deliberate targeting and murder of civilians, brainless cretin.
0.0,Youre an idiot,  ellen
0.0,I hope you all stand by me when I say this   roth shut your mouth you ungratefull bastard  I had, i would like to kick your teeth in  dreamteam dev bigboss and many others are breaking their backs to  Get us the new tool and if we must wait a little longer then we will I am very grateful for all they have done thus far so keep your pathetic whining to yourself you arsehole in fact do the world a favor and go and slit your wrists you pathetic little worm  dreamteam bigboss dev and all the hackers doing the job good work fellas keep up the good work and thank you again for all the work you guys have done this far
0.0,Like i mentioned i am fucking bored, girlfriend is working through blogshop. I agree with those easy money, by just selling every piece of worn shirts or craps to other people. Its not as easy as it seems, she gotta travel here and there just to pass buyers 'USED' items. \r    So now im alone with her younger brother in my girlfriend house while she is out to meet buyers. We surely drifted apart because she had to entertain blogshop for 24 hours 7 days. And time we had just decreased tremendously . \r   Now, her little brother, JAVIER, 5 years old is the worst kid ever in the history of worst kid. HE HAS THE SMELLIEST ASS A LIVING THING CAN IMAGINE. Shits in his pampers for more than 12 hours and he still refuse to change and de 'AROMA' simple fill the air. This is deadlier than snorting cocaine. He is fucking rude and have no discipline at all, he is just a useless brat. Seriously, i just hate him. Enough said ..
0.0,Are you high?
0.0,I am sure you believe yourself sincere.  Just like you believe yourself smart, and your version of reality to be reality, does not make it so.  Which actually makes you a dumb ass, Jack.
0.0,You Dems,,,your leader is Old News,Like You.Hes done and so now Your Done. Hes yesterdays buisiness like you and your foolish party of misfits that dont stand for America
0.0,Ordering police to stand spectators? You must be thinking of Congressmen like Jagdish Tytler, who comes from the  sekoolar  party.   Over 300 were killed by police firing in those riots, and it is, it has well known. The fact that you see an opportunity to spread slander and lies says volumes about you.
0.0,UR  ALL PENIS SUCKERS
0.0,Trent is just begging to have the drool slapped off his brown chin
0.0,You described yourself to a tee. As for ditch diggers, you wish you were smart enough to be one. Now I do not give a damn what you do that is, that has way below being a ditch digger, whatever it is you know you are not worth a damn at it. As being a teabagger, and fox. Oh no you do not, you kicked out of the alley cur. I am a 100% cspan watching liberal, democratic voter that simply loves the ground President Obama walks on. However, unlike you. I call it like I see it, not a water carrier. Now run along and do whatever old mangy dogs like you do with you wasted days and night. And do it so more.
0.0,Haha you are so cool what are you a 5th grade English teacher
0.0,HELL NO!  I bet you did about shit though when she told you her plans.
0.0,So, those died in those   churches  were not innocent?  Tambuwal I dont blame. I know from time that, you are BH too. Northern  he goat. Better  go and settle your problem with police. All the noney you collected from farouk, you  go vomit am oooo. Foolish and very ugly monkey.
0.0,so i guess you retarded libturds want to ban christmas carols from schools, because you do not believe in Santa. you morons should be baned from breathing.
0.0,That is, that has funny! I bet you cannot get a citi enship. You probably do not even have your G.E.D.!! hahaha You Apes speak english and then you have people that become doctors from other countries that do not even speak english! Just look at you! Typing like a baboon, all in capital letters. You should appreciate that you were born in the U.S. otherwise, you would never attain citi enship. Whos the 31st president? You do not fucking know stupid ape.
0.0,Are you mental or just trolling? I am from the same fucking general area of Canada the entire population blows Nickelback. The band makes me more ashamed of being in Alberta. I am a progressive socialist living in an extremely conservative area and a shit band pisses me off more then that. The fuck!
0.0,I apparently did not make myself clear. You are a typical White racist, Teahadist, Fascist, Wing Nut dummy.  You guys almost sank the ship and now you want a mulligan.  Well that is, that has just about the most masochistic, selfish thing ever. You do not get to fail again.  Admit it the GOP does not know how to Govern. Period.  You screw it up every time you get behind the wheel.  Your license should be suspended.  God why did you have to include GOPers in the grand plan.  You threw Adam and Eve out for biting an apple, these toads, cut down the tree.
0.0,manny didnt get beat. you are fucking stupid
0.0,your ugly and your sick daughter dresses you funny
0.0,Omfg how many trolls are here ???? When will trolls learn  #fucktrolls  #trollssuck
0.0,LOL Whiny bitch, she deserved to be punched in the head!
0.0,You need help for your obsession and you need it STAT. These blogs are going to make you cringe when you reali e how sick you are.
0.0,Mr. Clooney,  You sir are a joke. Do not you understand that no matter how many ways you wrap a turd, it is still a turd. Get a clue.
0.0,there is no tamil areas in srilanka. is there any black americans areas USA. mind your own bisness hole world hate you as americans.better u stop steeling from others. if u no money eat some shit with tigers.
0.0,Umm... Debbie is not #HopeAndAlgae a bumper sticker? Get the heII off my computer you femme a gogue
0.0,You stupied ass, now remember do not use your cell phone or your computer because alot of components were delvoped in Israel. Ban her and her stupied  book from Israel. Let the bitch sell it in ga a and the west bank her Palestians would love to buy it.
0.0,frank are you a turd
0.0,6'4  Damn you a  LITTLE  Big Bitch, you still gonna toss my salad I got the PB&J in my ass waiting for you
0.0,THIS IS WAHT THE MOD GETS FOR DELETING COMMENTS... STUPID IDIOT
0.0,go back to storm front you racist retard
0.0,Your IQ is obviously under 130 since you are not familiar with the flynn effect.
0.0,You are a dumb turd...other than that, have a nice evening.
0.0,ONLY ONE DEWING DA SWITCHIN IS YO MOTHER,SHE SWITCHED FROM FROGGY STYLE TO DOGGY STYLE WHEN IM IN HER!.  COULD YOU HEAR HER SCREAMING IN YOUR LIL PISS STAINED BED SITTIN NEXT DOOR IN YOUR SMALL ASS TRAILER?  I KNOW YOU DID BECAUSE THEM WALLS IS NOT EVEN A INCH THICK AND THE WHOLE DAMN TRAILER WAS SHAKING HAD TO CALL THE FIRE DEPT TO JACK THAT THING BACK UP ON THOSE CINDER BLOCKS WHEN I WAS DONE
0.0,You do not intimidate me you two bit bully...go fudge yourself you low life low rent douchebag.
0.0,Hey look! It is, it has a woman who is, who has down and out and living on the streets. And your reaction to that is to stalk her and humiliate her publicly? What kind of sick fuck are you?
0.0,I love this blog but its comments like this that make me think you are a pretentious comedy douche.     It seems to me that when a majority of critically lauded network sitcoms  have female leads and you are a person best known for being friends  with Jimmy Kimmel, being on The Celebrity Apprentice and Dancing with the Stars, and hosting a podcast, well, you should shut the fuck up about who is, who has funny and who is not.     He definitively best known for The Man Show or his podcast that was once the most downloaded podcast on earth. He also wrote a Book that debuted on the NYT best sellers list. Do not try to downplay a mans career because you disagree with a comment he said about women in comedy. Corolla is a paid comedian with over a decade of being prominent in show business he is allowed to air his opinions on comedy and say who is funny and who is not.
0.0,no, what is pathetic is your attempt to communicate in the english language. also, your over reaction. you must be one of those catholic boys fooked up the ass. and you like it!
0.0,dunno but I will not let one of your stupid fucking posts go unanswered while I am on trb  you thought D  was a douche...just wait bitch
0.0,Holy Gee Willikers, your depth of knowledge and thought has been revealed!  How can anyone debate such a showing of intelligence.  You have earned this, it has been determined, you have brought this on yourself, you leave me no choice..................................you are dumb.
0.0,Too bad none of you are worthy of carrying his jock strap.
0.0,Lol veloce, i had to go, thats why i let you betray me :  Fuck. You. :
0.0,no, makemud, i do not like you, i do not believe you, i do not even believe you still have your manhood between your legs.  you are a phoney, made of mud.
0.0,did dude a lame, you got spalshed, big deal, you in a pool, really? u want an apology. he cannot even fight, you threw him in da pool. you lame, bitch ass, n then u ran when he got bak out, bitchass nigga....u would have gotten served if dat was me, lame!
0.0,Lmao noone goes a damn what ur country says. And actually not it is not more offense it just makes u look dumb . And correction FUCK YOU.
0.0,fuck u faggot.. who the hell are you to call a county  shit . u gotta be a bastard. get your self fucked.. u base born piece of shit..
0.0,I Fucks wit real niggas u kant keep it g then u shud be dropped period nigga
0.0,Because this guy is so fucking clueless that he has no idea what 'irony' actually is.
0.0,that is a lie, do your research,ass wipe, her parents a well connected DemoCrap dick suckers
0.0,You must be the biggest idiot I have seen make a comment in a long time. The guy is on life support and will probably die. And the good ole boys club is going to let him get away with murder. And you justify it? You are slime.
0.0,shut up you are stupid dumb ass when you have stupid comment like this keep them to your self  john . Detective conan is the best of the best so shut it up.
0.0,FANS ARE SOOOO BLIND DUMB. refs handed game to spurs??? THUNDER MADE two more free throws than the spurs  19 to 17  AND SPURS STILL WON! shut it haters
0.0,Pretty boy shit, fuck yall ugly ass niggas know about it ? if you aint neva spent an hour in the mirror do not talk too me
0.0,Some one sounds jealous that their stupidly over priced piece of shit that looks like a brick does not have an operating system that sounds as yummy as it is advanced! I guarantee you any android phone out there that costs within $100 of any iPhone you have ever owned is more powerful and useful without a doubt. Everyone talks about the guy on bath salts that eats some hobos face but what about you isheep that are on bath salts?! your just as bad and just as ignorant!
0.0,And you are another puppet of the Marxists spouting the same anticapitalist  fair share  nonsense as your forebears a century ago, with your ironic,  look how intellectual I am  granny glasses and poorly grown facial hair, whining about  Faux News  and the Koch bros, living in terror of long dead robber barons and the  corporate oligarchy  and rubbing one daily out to your well used copy of Norma Rae, then patting yourself on the back for being one of the  smart people  who  gets it .  Why do not you pack it in, hit the bricks, do not let the door hit you in the ass on the way out because nobody's buying your constant insults, effete superiority or tired leftist garbage here.  ...and you can jam that commie fist up your fudgehole for good measure.  Just try not to enjoy it too much.      Sorry to be so indelicate folks, I have had it with these lefty morons.  They do not even make a token effort at factual debate anymore, it is, it has nothing but  you are so stupid ,  you are a racist  and various assorted leftist cliches about  corporate overlords  and  fair share , etc.. that were tired and laughable to everyone but the densest of college freshmen 50 years ago.
0.0,fuck ya news people saying aint got my lil girl dumb fuck's she is with us and them story's r two different story's dumb pussy's fuck all ya mother fuckers making us look bad and saying it wa  facebook bust no dumb fuck's it wa  a song that got us in this shit so fuck them two news cast people... get ya shit straight b4 ya post dumb mother fucker's .
0.0,Shut up and go back to your liberal cluster f u c k.  Your boyfriends are waiting for you.
0.0,You are calling ME stupid? Um...o..k.....
0.0,Oh your just so intelligent \ and quick with the quip that your reward\ \ you qualify to smell my ass
0.0,odd you post this   you criti e me every day ... via email...via pinterest...via twitter...wherelse? via south station...btw everyone there are just as big of losers if they condone your  relationship  with a married man...whore
0.0,Do not go changing your mind like some fucking pms ing girl . Yeah, this is beautiful, not sexist.
0.0,Caveman only a true idiot would put links to foxnews in their reply.  You also probably look in the mirror and tell yourself your good looking.  What a d bag.  Today as we celebrate that so many of our men and women have been killed in needless wars maybe you can take a minute to reflect on the part you played in their deaths.
0.0,are you fucking kidding me? you deserve to fucking rot
0.0,you are the biggest idiot ive seen here and ive seen many. you need your medicine and as for your love affair with oddesa girl shes a man! for real a gay man!
0.0,heyhey!  Big Pine!  I was just thinking about a guys comment about how negativity is making people leave.  I thought  well, I have actually noticed more abundance in familiar names, and less random names.   I bet the same people are still reading articles, and just staying out of the feedback comments.  That sounds like a good thing to me.  Those people were probably leaving stupid feedback, and didnt like the reality of what people thought.  Also,  if  they were able to be chased out, they were probably only half a$$ interested, and frankly, those arent the kind of people I want leaving feedback for our genre.  Anyway, it is good to see you, and a bunch of good guys, out here.  :D Then there is you know who :D  Dumb as he is, at least he refuses to be run off.  I saw him leave a competent Spidey comment the other day, and got 10 votes for it.  Maybe he has potential.  Sadly :  I guess I have no choice but to see if he comes around...and no that was not a joke about his horny carl wack off profile.
0.0,go drop dead with your tramp ass wife and your bastard kids.
0.0,And so, Dummy Bob, is there a reasoned foundation for you post, that is , other than  nonsense
0.0,Just another piss ant rambling ... he be!
0.0,@morcar , you are one deluded idiot, that has got to be the STUPIDEST comment i have ever heard! What a complete and utter plank you are!
0.0,Trolls all over the board.\ \  There is special place in he ll for those who dance of the graves of good men.\ \  Go share a beer with the terrorists, more your style, buddy.
0.0,All of y'all sound like some lil bitches! Yee y this ...Yee y that...are they gonna...are they not gonna drop....man shut the fuck already. Every last one of y'all acting like some hypebeats. Pull your skirts down and your pants up and stop wettin yourself for a fuckin pair of shoes!
0.0,Bla, bla, bla.  Grow up little boy. You seem utterly clueless.
0.0,Ive got news for you Mary  Ed little lord wimpleton please dont smack my legs again you big bullys the guy that kids steal sweets off Milliband  will never get the top job  so all your efforts here are wasted  go and preach to the converted  :
0.0,We are discussing insurance, not hospitals or doctors, you moron.\ \ I know you are a liberal, and as such have a very tenuous grip on reality, but come on man.
5.26414308527011e-188,how many of yall would NOT be this way if you were one of the best in your field and all you ever got was people talking shit about you! Had he held up the fight last night, what would be said? they would be talking shit about him. I got way too many issues to deal with to worry about how cocky this dude is or if he should lose all of his money, cu  most of you broke paycheck to paycheck living muthafuckas WISH you had a 4th of his money.
0.0,I though that Mental Health would already have been a 'Core Part' of of health services. I suppose we'll have to read all about it on the FG website, just like the 5 point plan that he kept diverting people to during questioning prior to the election. Get lost Kenny. You are a disgrace to the teaching profession, and to the TD profession.
0.0,Hey you idiot you forget that inflation helps WE who have debt. It is, it has a two edged sword. Real GDP may remain stagnant as NGDP rises, but you will gain wealth as your debt to equity improves in your favor. Do not act like you unerstand economics because you took an intro class your freshman year. Huff puff
0.0,I am so proud of you females, not like the ones year! most prostitutes in the str, everywhere, even schools, maried anything goes. terrible people here in santarem, the police psp police, are rubbish, no security, they want me dead! yes I am from jhb   maria the molunga . tell everyone there .there is a officer   fucking alves his name, he is a pig, a women hater  promotes women violances. I HATE HIM  SAW HIM JUST NOW  these pigs do not allow me to log in unto my mail or anything, because these pigs want to win tonight
0.0,the mods arent your friends...  quit sucking up to the jerk offs.
0.0,Can we see a picture of you? Are a stunning model? Doubt it very much. Your probably some fat troll sitting on their ass at their computer eating junk food.
0.0,\ The winner here is the Asian kid it is, it has ama ing how he stood up still. Those kids are fucking pussies. And they are all white talking black fucking idiot. Go fuck your selfs you no talent pieces of shit
0.0,Sen. Adam P. Ebbin  D Alexandria , Virginia 19s first openly gay state senator calls us normal people homophobic..all right gay boy...stickin up a mans butt is normal...I say you are a sick piece of garbage..
0.0,dicey   then you really are as grotesquely stupid as your comments suggest.   That is not possible.  M.
0.0,Dana....you are such a stupid bimbo.  That made you the perfect Bush stooge and it makes you the perfect fox fake news news stooge.  But, I will, i shall give you this much....... nice ass .
0.0,I bet you do not have the nerve to post your real name. And before you say  you do not either , I am not the one making Na i/KKK remarks. You are. SKANK!!!! And yes, I am a white guy.
0.0,JoeApe   did the room you grow up in have lead based paint on the walls or something?
0.0,Some of Ya'll are dumb as fuck.... These are All Strategic moves by 50.!!!!! he got blacklisted in the game for multiple reasons 50 couldnt go around making amends with everybody but he knows people cant deny banks talent.. Banks Ain t stupid like game and buck was 50's cut from a different cloth not everybody can make moves on that level otherwise everybody would be doing it.. thats why buck and game both were begging  to be back in 50's company.. all the moves that made banks a star were all put in place by 50 everything he learned about business moves and the game came from 50 he took him 19 off the street corner and made him a star he would be a Dumb muth fuka to ever forget that... I could see branching out and doing your own thing but to turn your back on 50 would be a bad move.. banks isint that dumb or un loyal...
0.0,You ain't lying let the @dbeeio61:disqus   nigga tell you we some mothafuckin heathens
0.0,Please, go away la y lib.   Educate yourself them come back.  God I hate la y, uneducated, jealous libby losers.
0.0,Are there no periods or commas on your keyboard, os is this how you were taught to structure a sentence?  Let me guess, you went to public school on the really small bus, did not you?
0.0,Yes, you are a Na i.  Any other questions?
0.0,hey whoever you are, do not have the guts even to come out with your real name. So your comments are useless garbage and people ignore them.
0.0,You are blind, deaf and dumb, now go back to bed.
0.0,Why do not you and loweeell trade phone numbers so we do not have to read trash...how does one idiot top another...try to get it!
0.0,Dictatorship, I think you will, you shall find, is the preserve of the left. You know, Hitler, Mao, Fidel, Mussolini, Pol Pot, Franco, Stalin....  If you think the idiots on this blog who are calling for a dictatorship are right wing, then you are just as stupid as they are.
0.0,Your moral compass is stuck on idiot. Just saying, lol
0.0,I think this bitch needs to get a checkup by her doctor real fucking soon because she opened her asshole with no effort
0.0,I thinks you sounds lika real stoopid mofo, iffen I was to sees you hangin ona corner I would be wantin to hurt you real bad.
0.0,but you are an axleslime obama flea just puke garbage like obama does
0.0,Talk about a stupid comment... You dont know where to start? Start somewhere, anywhere... My mother opened a pharmacy in 90 days at age 64 18 months ago... Ooooo the Obama boogeyman made it soooooo hard. You are a whiny little pion.
0.0,we have been sinking under Krugmans and his ilk's platforms, for 45 YEARS... What proof do you need? Nobel pri e?lol They also gave the  peace  pri e to Obama who has now committed us to more wars then BUSH! The credit down grade happened because of our DEFICIT you TARD! Get your facts str8! racist baiting is old and tired.  The libs are the racists thinking that the judiciary has the power to grant minorities of color their freedom, when they get freedom from their CREATOR! You are a loon, a big racist libtard loon.
0.0,The easy part about Walker pissing me off is he arbitrily takes away a bargained for right. Then sits back while people like you, who know nothing about unions, do his dirty work for him. Why  enjoy being a pawn?
0.0,Another inferior leftist with no substance. Is that all you got?.... the car thief? ....sure sign you are losing. But then again inferior, leftists like you never address the facts of the issue....that is, that has why you are inferior.
0.0,Is that why Obama has borrowed more money as president in 3 years than any other sitting president in US history?  You are delusional.
0.0,Did not condem that did you? But yet you cry like a girl because your master was interrupted.  Loser
0.0,and I thought Dem's put up their presidential kneepad after Clinton left town.......  Guess not....so tell us.....u spit or swallow?
0.0,dude ass.... den wen he came to 106 wit that lame ass song, he was even asser...... how u get a neptune beat and yo flow all fucked up...... nowadays i guess ranting on twitter a get nigga  to listen to u but u still want get no bu   cu  u ass...... den this nigga was on 106 lookin lik Hawaiian soffy jay  .. lik dat one dude said, he must not heard ab soul and school boy q cu  they way hotter den him....
0.0,You are just wonderful. And stupid.
0.0,You are a poor excuse for a human and one of the reasons our country is going down the toilet!!!!!
0.0,Garbage overload. Stop it, Peasemold, you are confusing yourself! I never heard so much old s**t in my life.
0.0,you are a frightened infant who never saw combat. What a young little punk!
0.0,I am so tired of some people cramming their religion into other people's faces and being so noisy about it. I thought you were supposed to pray in closets. The first commandment should have been  Do not be a dick.
0.0,You are an idiot. Romney is not going to give someone making 20k at 60% tax rate.
0.0,You are a first class idiot. There should be a reward for your arrest.
0.0,kingfisher192 ...........come on, name the lies!\ \  You tool, you never even heard the man's words.\ \  You are just doing what little abused trolls do.....follow orders.........good little slave trollbitch!
0.0,yeah you pussy with your team jordan track jacket on...weak ass lightskin nigga
0.0,This is a scam. And the loser that made the video was caught masturbating in public. You are all so stupid.
0.0,Go use google simpleton, that is, that has how the word is spelled.  You dense democrat!
0.0,Give up jamal jrk off, I would never possibly waste time trying to communicate with an extraordinarily juvenile 49 year old, lightly educated  racist. You are probably some angry house bound loser sitting there with your stupid, bigoted comments, lashing out at the Black people whom you know to be your superiors. You really could not be more pathetic.
2.143553578261892e-211,Leave your email or phone number and maybe you 2 twits can meet up and beat each other up.  tough guy talk online is cheap. go ahead and man up midnight train and do the real thing. dont be an internet pussy! fight him in a ring. dont talk shit DO IT!
